coder_pair,substance,block,item_id,level_1,level_2,level_3,n_shared_scenes,n_A_coded,n_B_coded,both_yes,A_only,B_only,both_no,observed_agreement,expected_agreement,prevalence,cohens_kappa,kappa_SE,pabak,kappa_label
Brug 01-10: Brendan × Noah,brugmansia,01-10,type_of_visual_alteration_illusion,Type of visual alteration,Illusion,,37,11,6,5,6,1,25,0.8108,0.637,0.2297,0.4789,0.1774,0.6216,moderate
Brug 01-10: Brendan × Noah,brugmansia,01-10,type_of_visual_alteration_hallucination_of_an_incrusted_object,Type of visual alteration,Hallucination of an incrusted object,,37,21,13,8,13,5,11,0.5135,0.4799,0.4595,0.0646,0.158,0.027,slight
Brug 01-10: Brendan × Noah,brugmansia,01-10,type_of_visual_alteration_hallucination_of_a_detached_object,Type of visual alteration,Hallucination of a detached object,,37,2,1,0,2,1,34,0.9189,0.9218,0.0405,-0.0374,0.5741,0.8378,worse-than-chance
Brug 01-10: Brendan × Noah,brugmansia,01-10,type_of_visual_alteration_full_blown_immersive_hallucination,Type of visual alteration,Full-blown immersive hallucination,,37,0,2,0,0,2,35,0.9459,0.9459,0.027,0.0,0.6877,0.8919,slight
Brug 01-10: Brendan × Noah,brugmansia,01-10,visual_hallucination_geometrical_pattern,Visual hallucination,Geometrical pattern,,37,1,3,1,0,2,34,0.9459,0.8963,0.0541,0.4789,0.3584,0.8919,moderate
Brug 01-10: Brendan × Noah,brugmansia,01-10,visual_hallucination_human_historical_figures,Visual hallucination,Human,Historical figure(s),37,0,1,0,0,1,36,0.973,0.973,0.0135,0.0,0.9864,0.9459,slight
Brug 01-10: Brendan × Noah,brugmansia,01-10,visual_hallucination_human_celebrityies,Visual hallucination,Human,Celebrity(ies),37,1,0,0,1,0,36,0.973,0.973,0.0135,0.0,0.9864,0.9459,slight
Brug 01-10: Brendan × Noah,brugmansia,01-10,visual_hallucination_human_relatives_acquaintances,Visual hallucination,Human,"Relative(s), acquaintance(s)",37,2,3,2,0,1,34,0.973,0.8736,0.0676,0.7861,0.211,0.9459,substantial
Brug 01-10: Brendan × Noah,brugmansia,01-10,visual_hallucination_human_unknown_persons,Visual hallucination,Human,Unknown person(s),37,7,6,6,1,0,30,0.973,0.71,0.1757,0.9068,0.0919,0.9459,almost-perfect
Brug 01-10: Brendan × Noah,brugmansia,01-10,visual_hallucination_human_others,Visual hallucination,Human,Other(s),37,1,0,0,1,0,36,0.973,0.973,0.0135,0.0,0.9864,0.9459,slight
Brug 01-10: Brendan × Noah,brugmansia,01-10,visual_hallucination_artefact_tool_cloth,Visual hallucination,Artefact,"Tool, cloth",37,4,0,0,4,0,33,0.8919,0.8919,0.0541,0.0,0.4722,0.7838,slight
Brug 01-10: Brendan × Noah,brugmansia,01-10,visual_hallucination_artefact_other,Visual hallucination,Artefact,Other,37,1,0,0,1,0,36,0.973,0.973,0.0135,0.0,0.9864,0.9459,slight
Brug 01-10: Brendan × Noah,brugmansia,01-10,visual_hallucination_animal_mammal,Visual hallucination,Animal,Mammal,37,0,1,0,0,1,36,0.973,0.973,0.0135,0.0,0.9864,0.9459,slight
Brug 01-10: Brendan × Noah,brugmansia,01-10,visual_hallucination_animal_insect,Visual hallucination,Animal,Insect,37,4,5,4,0,1,32,0.973,0.786,0.1216,0.8737,0.1246,0.9459,almost-perfect
Brug 01-10: Brendan × Noah,brugmansia,01-10,visual_hallucination_animal_other,Visual hallucination,Animal,Other,37,1,0,0,1,0,36,0.973,0.973,0.0135,0.0,0.9864,0.9459,slight
Brug 01-10: Brendan × Noah,brugmansia,01-10,visual_hallucination_inorganic_entity_earth_river_sky_cloud,Visual hallucination,Inorganic entity,"Earth, river, sky, cloud",37,1,0,0,1,0,36,0.973,0.973,0.0135,0.0,0.9864,0.9459,slight
Brug 01-10: Brendan × Noah,brugmansia,01-10,visual_hallucination_inorganic_entity_other,Visual hallucination,Inorganic entity,Other,37,0,1,0,0,1,36,0.973,0.973,0.0135,0.0,0.9864,0.9459,slight
Brug 01-10: Brendan × Noah,brugmansia,01-10,auditory_hallucination_human_relatives_acquaintances,Auditory hallucination,Human,"Relative(s), acquaintance(s)",37,1,1,0,1,1,35,0.9459,0.9474,0.027,-0.0278,0.7068,0.8919,worse-than-chance
Brug 01-10: Brendan × Noah,brugmansia,01-10,auditory_hallucination_human_unknown_persons,Auditory hallucination,Human,Unknown person(s),37,0,2,0,0,2,35,0.9459,0.9459,0.027,0.0,0.6877,0.8919,slight
Brug 01-10: Brendan × Noah,brugmansia,01-10,auditory_hallucination_artefact_other,Auditory hallucination,Artefact,Other,37,1,1,1,0,0,36,1.0,0.9474,0.027,1.0,0.0,1.0,almost-perfect
Brug 01-10: Brendan × Noah,brugmansia,01-10,auditory_hallucination_animal_mammal,Auditory hallucination,Animal,Mammal,37,0,1,0,0,1,36,0.973,0.973,0.0135,0.0,0.9864,0.9459,slight
Brug 01-10: Brendan × Noah,brugmansia,01-10,auditory_hallucination_animal_insect,Auditory hallucination,Animal,Insect,37,0,1,0,0,1,36,0.973,0.973,0.0135,0.0,0.9864,0.9459,slight
Brug 01-10: Brendan × Noah,brugmansia,01-10,auditory_hallucination_animal_other,Auditory hallucination,Animal,Other,37,1,0,0,1,0,36,0.973,0.973,0.0135,0.0,0.9864,0.9459,slight
Brug 01-10: Brendan × Noah,brugmansia,01-10,modal_status_of_the_hallucination_possible_and_probable_event,Modal status of the hallucination,Possible and probable event,,37,19,0,0,19,0,18,0.4865,0.4865,0.2568,0.0,0.16,-0.027,slight
Brug 01-10: Brendan × Noah,brugmansia,01-10,modal_status_of_the_hallucination_possible_but_improbable_event,Modal status of the hallucination,Possible but improbable event,,37,2,0,0,2,0,35,0.9459,0.9459,0.027,0.0,0.6877,0.8919,slight
Brug 01-10: Brendan × Noah,brugmansia,01-10,modal_status_of_the_hallucination_impossible_event,Modal status of the hallucination,Impossible event,,37,5,0,0,5,0,32,0.8649,0.8649,0.0676,0.0,0.4159,0.7297,slight
Brug 11-20: Alessandra × Alessio,brugmansia,11-20,type_of_visual_alteration_illusion,Type of visual alteration,Illusion,,38,1,0,0,1,0,37,0.9737,0.9737,0.0132,0.0,0.9868,0.9474,slight
Brug 11-20: Alessandra × Alessio,brugmansia,11-20,type_of_visual_alteration_hallucination_of_an_incrusted_object,Type of visual alteration,Hallucination of an incrusted object,,38,22,24,15,7,9,7,0.5789,0.5208,0.6053,0.1214,0.1671,0.1579,slight
Brug 11-20: Alessandra × Alessio,brugmansia,11-20,type_of_visual_alteration_hallucination_of_a_detached_object,Type of visual alteration,Hallucination of a detached object,,38,6,3,3,3,0,32,0.9211,0.7881,0.1184,0.6275,0.2064,0.8421,substantial
Brug 11-20: Alessandra × Alessio,brugmansia,11-20,type_of_visual_alteration_full_blown_immersive_hallucination,Type of visual alteration,Full-blown immersive hallucination,,38,2,10,2,0,8,28,0.7895,0.7119,0.1579,0.2692,0.2296,0.5789,fair
Brug 11-20: Alessandra × Alessio,brugmansia,11-20,visual_hallucination_geometrical_pattern,Visual hallucination,Geometrical pattern,,38,1,0,0,1,0,37,0.9737,0.9737,0.0132,0.0,0.9868,0.9474,slight
Brug 11-20: Alessandra × Alessio,brugmansia,11-20,visual_hallucination_human_relatives_acquaintances,Visual hallucination,Human,"Relative(s), acquaintance(s)",38,10,12,9,1,3,25,0.8947,0.5873,0.2895,0.745,0.1206,0.7895,substantial
Brug 11-20: Alessandra × Alessio,brugmansia,11-20,visual_hallucination_human_unknown_persons,Visual hallucination,Human,Unknown person(s),38,6,8,5,1,3,29,0.8947,0.6981,0.1842,0.6514,0.1649,0.7895,substantial
Brug 11-20: Alessandra × Alessio,brugmansia,11-20,visual_hallucination_human_others,Visual hallucination,Human,Other(s),38,0,1,0,0,1,37,0.9737,0.9737,0.0132,0.0,0.9868,0.9474,slight
Brug 11-20: Alessandra × Alessio,brugmansia,11-20,visual_hallucination_artefact_vehicle,Visual hallucination,Artefact,Vehicle,38,1,0,0,1,0,37,0.9737,0.9737,0.0132,0.0,0.9868,0.9474,slight
Brug 11-20: Alessandra × Alessio,brugmansia,11-20,visual_hallucination_artefact_city_building_furniture,Visual hallucination,Artefact,"City, building, furniture",38,3,0,0,3,0,35,0.9211,0.9211,0.0395,0.0,0.5541,0.8421,slight
Brug 11-20: Alessandra × Alessio,brugmansia,11-20,visual_hallucination_artefact_technological_device,Visual hallucination,Artefact,Technological device,38,0,1,0,0,1,37,0.9737,0.9737,0.0132,0.0,0.9868,0.9474,slight
Brug 11-20: Alessandra × Alessio,brugmansia,11-20,visual_hallucination_artefact_tool_cloth,Visual hallucination,Artefact,"Tool, cloth",38,4,0,0,4,0,34,0.8947,0.8947,0.0526,0.0,0.473,0.7895,slight
Brug 11-20: Alessandra × Alessio,brugmansia,11-20,visual_hallucination_artefact_other,Visual hallucination,Artefact,Other,38,5,0,0,5,0,33,0.8684,0.8684,0.0658,0.0,0.4168,0.7368,slight
Brug 11-20: Alessandra × Alessio,brugmansia,11-20,visual_hallucination_animal_mammal,Visual hallucination,Animal,Mammal,38,1,1,1,0,0,37,1.0,0.9488,0.0263,1.0,0.0,1.0,almost-perfect
Brug 11-20: Alessandra × Alessio,brugmansia,11-20,visual_hallucination_animal_insect,Visual hallucination,Animal,Insect,38,1,1,1,0,0,37,1.0,0.9488,0.0263,1.0,0.0,1.0,almost-perfect
Brug 11-20: Alessandra × Alessio,brugmansia,11-20,visual_hallucination_animal_other,Visual hallucination,Animal,Other,38,1,2,1,0,1,36,0.9737,0.9238,0.0395,0.6545,0.3409,0.9474,substantial
Brug 11-20: Alessandra × Alessio,brugmansia,11-20,visual_hallucination_inorganic_entity_other,Visual hallucination,Inorganic entity,Other,38,4,4,1,3,3,31,0.8421,0.8116,0.1053,0.1618,0.314,0.6842,slight
Brug 11-20: Alessandra × Alessio,brugmansia,11-20,visual_hallucination_extraordinary_entity_other,Visual hallucination,Extraordinary entity,Other,38,2,0,0,2,0,36,0.9474,0.9474,0.0263,-0.0,0.6882,0.8947,worse-than-chance
Brug 11-20: Alessandra × Alessio,brugmansia,11-20,auditory_hallucination_human_relatives_acquaintances,Auditory hallucination,Human,"Relative(s), acquaintance(s)",38,3,1,1,2,0,35,0.9474,0.8989,0.0526,0.4795,0.3583,0.8947,moderate
Brug 11-20: Alessandra × Alessio,brugmansia,11-20,auditory_hallucination_human_unknown_persons,Auditory hallucination,Human,Unknown person(s),38,3,2,2,1,0,35,0.9737,0.8767,0.0658,0.7865,0.2107,0.9474,substantial
Brug 11-20: Alessandra × Alessio,brugmansia,11-20,auditory_hallucination_inorganic_entity_other,Auditory hallucination,Inorganic entity,Other,38,1,1,1,0,0,37,1.0,0.9488,0.0263,1.0,0.0,1.0,almost-perfect
Brug 11-20: Alessandra × Alessio,brugmansia,11-20,tactile_hallucination_human,Tactile hallucination,Human,,38,0,1,0,0,1,37,0.9737,0.9737,0.0132,0.0,0.9868,0.9474,slight
Brug 11-20: Alessandra × Alessio,brugmansia,11-20,tactile_hallucination_artefact,Tactile hallucination,Artefact,,38,5,4,1,4,3,30,0.8158,0.7909,0.1184,0.1192,0.3007,0.6316,slight
Brug 11-20: Alessandra × Alessio,brugmansia,11-20,tactile_hallucination_inorganic_entity,Tactile hallucination,Inorganic entity,,38,1,0,0,1,0,37,0.9737,0.9737,0.0132,0.0,0.9868,0.9474,slight
Brug 11-20: Alessandra × Alessio,brugmansia,11-20,tactile_hallucination_extraordinary_entity,Tactile hallucination,Extraordinary entity,,38,0,1,0,0,1,37,0.9737,0.9737,0.0132,0.0,0.9868,0.9474,slight
Brug 11-20: Alessandra × Alessio,brugmansia,11-20,tactile_hallucination_other,Tactile hallucination,Other,,38,2,0,0,2,0,36,0.9474,0.9474,0.0263,-0.0,0.6882,0.8947,worse-than-chance
Brug 11-20: Alessandra × Alessio,brugmansia,11-20,gustatory_hallucination,Gustatory hallucination,,,38,1,1,1,0,0,37,1.0,0.9488,0.0263,1.0,0.0,1.0,almost-perfect
Brug 11-20: Alessandra × Alessio,brugmansia,11-20,nonsensory_hallucination_extraordinary_entity,Nonsensory hallucination,Extraordinary entity,,38,1,0,0,1,0,37,0.9737,0.9737,0.0132,0.0,0.9868,0.9474,slight
Brug 11-20: Alessandra × Alessio,brugmansia,11-20,modal_status_of_the_hallucination_possible_and_probable_event,Modal status of the hallucination,Possible and probable event,,38,5,14,5,0,9,24,0.7632,0.597,0.25,0.4124,0.1711,0.5263,moderate
Brug 11-20: Alessandra × Alessio,brugmansia,11-20,modal_status_of_the_hallucination_possible_but_improbable_event,Modal status of the hallucination,Possible but improbable event,,38,8,15,5,3,10,20,0.6579,0.5609,0.3026,0.2208,0.1753,0.3158,fair
Brug 11-20: Alessandra × Alessio,brugmansia,11-20,modal_status_of_the_hallucination_impossible_event,Modal status of the hallucination,Impossible event,,38,12,7,4,8,3,23,0.7105,0.6163,0.25,0.2455,0.1918,0.4211,fair
Psil 01-10: Alessandra × Brendan,psilocybin,01-10,type_of_visual_alteration_illusion,Type of visual alteration,Illusion,,48,15,21,15,0,6,27,0.875,0.5234,0.375,0.7377,0.1002,0.75,substantial
Psil 01-10: Alessandra × Brendan,psilocybin,01-10,type_of_visual_alteration_hallucination_of_an_incrusted_object,Type of visual alteration,Hallucination of an incrusted object,,48,1,5,1,0,4,43,0.9167,0.8793,0.0625,0.3094,0.3306,0.8333,fair
Psil 01-10: Alessandra × Brendan,psilocybin,01-10,type_of_visual_alteration_hallucination_of_a_detached_object,Type of visual alteration,Hallucination of a detached object,,48,20,2,1,19,1,27,0.5833,0.5764,0.2292,0.0164,0.168,0.1667,slight
Psil 01-10: Alessandra × Brendan,psilocybin,01-10,type_of_visual_alteration_full_blown_immersive_hallucination,Type of visual alteration,Full-blown immersive hallucination,,48,7,11,7,0,4,37,0.9167,0.6918,0.1875,0.7296,0.1295,0.8333,substantial
Psil 01-10: Alessandra × Brendan,psilocybin,01-10,visual_hallucination_geometrical_pattern,Visual hallucination,Geometrical pattern,,48,7,4,2,5,2,39,0.8542,0.7951,0.1146,0.2881,0.2487,0.7083,fair
Psil 01-10: Alessandra × Brendan,psilocybin,01-10,visual_hallucination_human_relatives_acquaintances,Visual hallucination,Human,"Relative(s), acquaintance(s)",48,3,1,1,2,0,45,0.9583,0.9193,0.0417,0.4839,0.3573,0.9167,moderate
Psil 01-10: Alessandra × Brendan,psilocybin,01-10,visual_hallucination_human_unknown_persons,Visual hallucination,Human,Unknown person(s),48,2,1,1,1,0,46,0.9792,0.9392,0.0312,0.6571,0.3393,0.9583,substantial
Psil 01-10: Alessandra × Brendan,psilocybin,01-10,visual_hallucination_human_others,Visual hallucination,Human,Other(s),48,2,0,0,2,0,46,0.9583,0.9583,0.0208,0.0,0.6922,0.9167,slight
Psil 01-10: Alessandra × Brendan,psilocybin,01-10,visual_hallucination_artefact_city_building_furniture,Visual hallucination,Artefact,"City, building, furniture",48,3,2,2,1,0,45,0.9792,0.901,0.0521,0.7895,0.2083,0.9583,substantial
Psil 01-10: Alessandra × Brendan,psilocybin,01-10,visual_hallucination_artefact_tool_cloth,Visual hallucination,Artefact,"Tool, cloth",48,2,0,0,2,0,46,0.9583,0.9583,0.0208,0.0,0.6922,0.9167,slight
Psil 01-10: Alessandra × Brendan,psilocybin,01-10,visual_hallucination_artefact_other,Visual hallucination,Artefact,Other,48,3,1,0,3,1,44,0.9167,0.9193,0.0417,-0.0323,0.4942,0.8333,worse-than-chance
Psil 01-10: Alessandra × Brendan,psilocybin,01-10,visual_hallucination_animal_mammal,Visual hallucination,Animal,Mammal,48,0,1,0,0,1,47,0.9792,0.9792,0.0104,0.0,0.9895,0.9583,slight
Psil 01-10: Alessandra × Brendan,psilocybin,01-10,visual_hallucination_animal_aquatic_animal,Visual hallucination,Animal,Aquatic animal,48,0,1,0,0,1,47,0.9792,0.9792,0.0104,0.0,0.9895,0.9583,slight
Psil 01-10: Alessandra × Brendan,psilocybin,01-10,visual_hallucination_animal_insect,Visual hallucination,Animal,Insect,48,2,1,1,1,0,46,0.9792,0.9392,0.0312,0.6571,0.3393,0.9583,substantial
Psil 01-10: Alessandra × Brendan,psilocybin,01-10,visual_hallucination_animal_other,Visual hallucination,Animal,Other,48,2,2,2,0,0,46,1.0,0.9201,0.0417,1.0,0.0,1.0,almost-perfect
Psil 01-10: Alessandra × Brendan,psilocybin,01-10,visual_hallucination_plant_tree_shrub,Visual hallucination,Plant,"Tree, shrub",48,1,1,0,1,1,46,0.9583,0.9592,0.0208,-0.0213,0.7069,0.9167,worse-than-chance
Psil 01-10: Alessandra × Brendan,psilocybin,01-10,visual_hallucination_plant_flower_grass,Visual hallucination,Plant,"Flower, grass",48,2,1,1,1,0,46,0.9792,0.9392,0.0312,0.6571,0.3393,0.9583,substantial
Psil 01-10: Alessandra × Brendan,psilocybin,01-10,visual_hallucination_inorganic_entity_stone_rock,Visual hallucination,Inorganic entity,"Stone, rock",48,1,1,1,0,0,47,1.0,0.9592,0.0208,1.0,0.0,1.0,almost-perfect
Psil 01-10: Alessandra × Brendan,psilocybin,01-10,visual_hallucination_inorganic_entity_earth_river_sky_cloud,Visual hallucination,Inorganic entity,"Earth, river, sky, cloud",48,3,1,1,2,0,45,0.9583,0.9193,0.0417,0.4839,0.3573,0.9167,moderate
Psil 01-10: Alessandra × Brendan,psilocybin,01-10,visual_hallucination_inorganic_entity_other,Visual hallucination,Inorganic entity,Other,48,5,1,1,4,0,43,0.9167,0.8793,0.0625,0.3094,0.3306,0.8333,fair
Psil 01-10: Alessandra × Brendan,psilocybin,01-10,visual_hallucination_extraordinary_entity_spirit,Visual hallucination,Extraordinary entity,Spirit,48,1,2,1,0,1,46,0.9792,0.9392,0.0312,0.6571,0.3393,0.9583,substantial
Psil 01-10: Alessandra × Brendan,psilocybin,01-10,visual_hallucination_extraordinary_entity_chimera,Visual hallucination,Extraordinary entity,Chimera,48,0,1,0,0,1,47,0.9792,0.9792,0.0104,0.0,0.9895,0.9583,slight
Psil 01-10: Alessandra × Brendan,psilocybin,01-10,visual_hallucination_extraordinary_entity_alien,Visual hallucination,Extraordinary entity,Alien,48,1,1,1,0,0,47,1.0,0.9592,0.0208,1.0,0.0,1.0,almost-perfect
Psil 01-10: Alessandra × Brendan,psilocybin,01-10,visual_hallucination_extraordinary_entity_other,Visual hallucination,Extraordinary entity,Other,48,11,6,4,7,2,35,0.8125,0.7031,0.1771,0.3684,0.1898,0.625,fair
Psil 01-10: Alessandra × Brendan,psilocybin,01-10,auditory_hallucination_human_celebrityies,Auditory hallucination,Human,Celebrity(ies),48,1,1,1,0,0,47,1.0,0.9592,0.0208,1.0,0.0,1.0,almost-perfect
Psil 01-10: Alessandra × Brendan,psilocybin,01-10,auditory_hallucination_human_relatives_acquaintances,Auditory hallucination,Human,"Relative(s), acquaintance(s)",48,1,1,1,0,0,47,1.0,0.9592,0.0208,1.0,0.0,1.0,almost-perfect
Psil 01-10: Alessandra × Brendan,psilocybin,01-10,auditory_hallucination_human_unknown_persons,Auditory hallucination,Human,Unknown person(s),48,0,1,0,0,1,47,0.9792,0.9792,0.0104,0.0,0.9895,0.9583,slight
Psil 01-10: Alessandra × Brendan,psilocybin,01-10,auditory_hallucination_animal_insect,Auditory hallucination,Animal,Insect,48,1,0,0,1,0,47,0.9792,0.9792,0.0104,0.0,0.9895,0.9583,slight
Psil 01-10: Alessandra × Brendan,psilocybin,01-10,auditory_hallucination_plant_other,Auditory hallucination,Plant,Other,48,1,0,0,1,0,47,0.9792,0.9792,0.0104,0.0,0.9895,0.9583,slight
Psil 01-10: Alessandra × Brendan,psilocybin,01-10,auditory_hallucination_inorganic_entity_other,Auditory hallucination,Inorganic entity,Other,48,1,0,0,1,0,47,0.9792,0.9792,0.0104,0.0,0.9895,0.9583,slight
Psil 01-10: Alessandra × Brendan,psilocybin,01-10,auditory_hallucination_extraordinary_entity_spirit,Auditory hallucination,Extraordinary entity,Spirit,48,1,1,1,0,0,47,1.0,0.9592,0.0208,1.0,0.0,1.0,almost-perfect
Psil 01-10: Alessandra × Brendan,psilocybin,01-10,auditory_hallucination_extraordinary_entity_other,Auditory hallucination,Extraordinary entity,Other,48,1,2,0,1,2,45,0.9375,0.9392,0.0312,-0.0286,0.575,0.875,worse-than-chance
Psil 01-10: Alessandra × Brendan,psilocybin,01-10,tactile_hallucination_artefact,Tactile hallucination,Artefact,,48,1,0,0,1,0,47,0.9792,0.9792,0.0104,0.0,0.9895,0.9583,slight
Psil 01-10: Alessandra × Brendan,psilocybin,01-10,tactile_hallucination_inorganic_entity,Tactile hallucination,Inorganic entity,,48,1,0,0,1,0,47,0.9792,0.9792,0.0104,0.0,0.9895,0.9583,slight
Psil 01-10: Alessandra × Brendan,psilocybin,01-10,nonsensory_hallucination_human,Nonsensory hallucination,Human,,48,2,0,0,2,0,46,0.9583,0.9583,0.0208,0.0,0.6922,0.9167,slight
Psil 01-10: Alessandra × Brendan,psilocybin,01-10,nonsensory_hallucination_inorganic_entity,Nonsensory hallucination,Inorganic entity,,48,2,0,0,2,0,46,0.9583,0.9583,0.0208,0.0,0.6922,0.9167,slight
Psil 01-10: Alessandra × Brendan,psilocybin,01-10,nonsensory_hallucination_extraordinary_entity,Nonsensory hallucination,Extraordinary entity,,48,0,1,0,0,1,47,0.9792,0.9792,0.0104,0.0,0.9895,0.9583,slight
Psil 01-10: Alessandra × Brendan,psilocybin,01-10,nonsensory_hallucination_other,Nonsensory hallucination,Other,,48,0,2,0,0,2,46,0.9583,0.9583,0.0208,0.0,0.6922,0.9167,slight
Psil 01-10: Alessandra × Brendan,psilocybin,01-10,modal_status_of_the_hallucination_possible_and_probable_event,Modal status of the hallucination,Possible and probable event,,48,0,1,0,0,1,47,0.9792,0.9792,0.0104,0.0,0.9895,0.9583,slight
Psil 01-10: Alessandra × Brendan,psilocybin,01-10,modal_status_of_the_hallucination_possible_but_improbable_event,Modal status of the hallucination,Possible but improbable event,,48,3,4,1,2,3,42,0.8958,0.8646,0.0729,0.2308,0.3256,0.7917,fair
Psil 01-10: Alessandra × Brendan,psilocybin,01-10,modal_status_of_the_hallucination_impossible_event,Modal status of the hallucination,Impossible event,,48,26,17,15,11,2,20,0.7292,0.4878,0.4479,0.4712,0.1252,0.4583,moderate
Psil 11-20: Francesco × Susana,psilocybin,11-20,type_of_visual_alteration_illusion,Type of visual alteration,Illusion,,57,14,17,11,3,6,37,0.8421,0.6026,0.2719,0.6026,0.1215,0.6842,substantial
Psil 11-20: Francesco × Susana,psilocybin,11-20,type_of_visual_alteration_hallucination_of_an_incrusted_object,Type of visual alteration,Hallucination of an incrusted object,,57,4,8,1,3,7,46,0.8246,0.8092,0.1053,0.0806,0.264,0.6491,slight
Psil 11-20: Francesco × Susana,psilocybin,11-20,type_of_visual_alteration_hallucination_of_a_detached_object,Type of visual alteration,Hallucination of a detached object,,57,12,3,1,11,2,43,0.7719,0.759,0.1316,0.0536,0.2306,0.5439,slight
Psil 11-20: Francesco × Susana,psilocybin,11-20,type_of_visual_alteration_full_blown_immersive_hallucination,Type of visual alteration,Full-blown immersive hallucination,,57,18,8,5,13,3,36,0.7193,0.6325,0.2281,0.2362,0.162,0.4386,fair
Psil 11-20: Francesco × Susana,psilocybin,11-20,visual_hallucination_geometrical_pattern,Visual hallucination,Geometrical pattern,,57,13,13,10,3,3,41,0.8947,0.6479,0.2281,0.701,0.1154,0.7895,substantial
Psil 11-20: Francesco × Susana,psilocybin,11-20,visual_hallucination_human_relatives_acquaintances,Visual hallucination,Human,"Relative(s), acquaintance(s)",57,2,1,1,1,0,55,0.9825,0.9486,0.0263,0.6587,0.3383,0.9649,substantial
Psil 11-20: Francesco × Susana,psilocybin,11-20,visual_hallucination_human_unknown_persons,Visual hallucination,Human,Unknown person(s),57,4,4,2,2,2,51,0.9298,0.8695,0.0702,0.4623,0.2593,0.8596,moderate
Psil 11-20: Francesco × Susana,psilocybin,11-20,visual_hallucination_human_others,Visual hallucination,Human,Other(s),57,1,7,0,1,7,49,0.8596,0.864,0.0702,-0.0317,0.3382,0.7193,worse-than-chance
Psil 11-20: Francesco × Susana,psilocybin,11-20,visual_hallucination_artefact_vehicle,Visual hallucination,Artefact,Vehicle,57,3,3,3,0,0,54,1.0,0.9003,0.0526,1.0,0.0,1.0,almost-perfect
Psil 11-20: Francesco × Susana,psilocybin,11-20,visual_hallucination_artefact_city_building_furniture,Visual hallucination,Artefact,"City, building, furniture",57,2,1,1,1,0,55,0.9825,0.9486,0.0263,0.6587,0.3383,0.9649,substantial
Psil 11-20: Francesco × Susana,psilocybin,11-20,visual_hallucination_artefact_other,Visual hallucination,Artefact,Other,57,1,3,1,0,2,54,0.9649,0.9317,0.0351,0.4865,0.3567,0.9298,moderate
Psil 11-20: Francesco × Susana,psilocybin,11-20,visual_hallucination_animal_mammal,Visual hallucination,Animal,Mammal,57,3,3,3,0,0,54,1.0,0.9003,0.0526,1.0,0.0,1.0,almost-perfect
Psil 11-20: Francesco × Susana,psilocybin,11-20,visual_hallucination_animal_aquatic_animal,Visual hallucination,Animal,Aquatic animal,57,0,1,0,0,1,56,0.9825,0.9825,0.0088,0.0,0.9912,0.9649,slight
Psil 11-20: Francesco × Susana,psilocybin,11-20,visual_hallucination_animal_bird,Visual hallucination,Animal,Bird,57,1,1,1,0,0,56,1.0,0.9655,0.0175,1.0,0.0,1.0,almost-perfect
Psil 11-20: Francesco × Susana,psilocybin,11-20,visual_hallucination_animal_insect,Visual hallucination,Animal,Insect,57,2,1,1,1,0,55,0.9825,0.9486,0.0263,0.6587,0.3383,0.9649,substantial
Psil 11-20: Francesco × Susana,psilocybin,11-20,visual_hallucination_animal_other,Visual hallucination,Animal,Other,57,4,2,2,2,0,53,0.9649,0.8997,0.0526,0.6503,0.2429,0.9298,substantial
Psil 11-20: Francesco × Susana,psilocybin,11-20,visual_hallucination_plant_tree_shrub,Visual hallucination,Plant,"Tree, shrub",57,2,1,1,1,0,55,0.9825,0.9486,0.0263,0.6587,0.3383,0.9649,substantial
Psil 11-20: Francesco × Susana,psilocybin,11-20,visual_hallucination_plant_flower_grass,Visual hallucination,Plant,"Flower, grass",57,1,0,0,1,0,56,0.9825,0.9825,0.0088,0.0,0.9912,0.9649,slight
Psil 11-20: Francesco × Susana,psilocybin,11-20,visual_hallucination_plant_mushroom_fungus,Visual hallucination,Plant,"Mushroom, fungus",57,1,0,0,1,0,56,0.9825,0.9825,0.0088,0.0,0.9912,0.9649,slight
Psil 11-20: Francesco × Susana,psilocybin,11-20,visual_hallucination_inorganic_entity_earth_river_sky_cloud,Visual hallucination,Inorganic entity,"Earth, river, sky, cloud",57,3,2,2,1,0,54,0.9825,0.916,0.0439,0.7912,0.207,0.9649,substantial
Psil 11-20: Francesco × Susana,psilocybin,11-20,visual_hallucination_inorganic_entity_other,Visual hallucination,Inorganic entity,Other,57,3,3,1,2,2,52,0.9298,0.9003,0.0526,0.2963,0.3393,0.8596,fair
Psil 11-20: Francesco × Susana,psilocybin,11-20,visual_hallucination_extraordinary_entity_god,Visual hallucination,Extraordinary entity,God,57,2,2,1,1,1,54,0.9649,0.9323,0.0351,0.4818,0.3599,0.9298,moderate
Psil 11-20: Francesco × Susana,psilocybin,11-20,visual_hallucination_extraordinary_entity_spirit,Visual hallucination,Extraordinary entity,Spirit,57,1,1,1,0,0,56,1.0,0.9655,0.0175,1.0,0.0,1.0,almost-perfect
Psil 11-20: Francesco × Susana,psilocybin,11-20,visual_hallucination_extraordinary_entity_alien,Visual hallucination,Extraordinary entity,Alien,57,0,1,0,0,1,56,0.9825,0.9825,0.0088,0.0,0.9912,0.9649,slight
Psil 11-20: Francesco × Susana,psilocybin,11-20,visual_hallucination_extraordinary_entity_other,Visual hallucination,Extraordinary entity,Other,57,3,1,1,2,0,54,0.9649,0.9317,0.0351,0.4865,0.3567,0.9298,moderate
Psil 11-20: Francesco × Susana,psilocybin,11-20,auditory_hallucination_human_relatives_acquaintances,Auditory hallucination,Human,"Relative(s), acquaintance(s)",57,1,1,1,0,0,56,1.0,0.9655,0.0175,1.0,0.0,1.0,almost-perfect
Psil 11-20: Francesco × Susana,psilocybin,11-20,auditory_hallucination_human_others,Auditory hallucination,Human,Other(s),57,2,2,2,0,0,55,1.0,0.9323,0.0351,1.0,0.0,1.0,almost-perfect
Psil 11-20: Francesco × Susana,psilocybin,11-20,auditory_hallucination_animal_mammal,Auditory hallucination,Animal,Mammal,57,1,0,0,1,0,56,0.9825,0.9825,0.0088,0.0,0.9912,0.9649,slight
Psil 11-20: Francesco × Susana,psilocybin,11-20,auditory_hallucination_animal_other,Auditory hallucination,Animal,Other,57,0,1,0,0,1,56,0.9825,0.9825,0.0088,0.0,0.9912,0.9649,slight
Psil 11-20: Francesco × Susana,psilocybin,11-20,auditory_hallucination_extraordinary_entity_alien,Auditory hallucination,Extraordinary entity,Alien,57,0,1,0,0,1,56,0.9825,0.9825,0.0088,0.0,0.9912,0.9649,slight
Psil 11-20: Francesco × Susana,psilocybin,11-20,auditory_hallucination_extraordinary_entity_other,Auditory hallucination,Extraordinary entity,Other,57,2,1,1,1,0,55,0.9825,0.9486,0.0263,0.6587,0.3383,0.9649,substantial
Psil 11-20: Francesco × Susana,psilocybin,11-20,tactile_hallucination_human,Tactile hallucination,Human,,57,2,0,0,2,0,55,0.9649,0.9649,0.0175,0.0,0.6946,0.9298,slight
Psil 11-20: Francesco × Susana,psilocybin,11-20,tactile_hallucination_artefact,Tactile hallucination,Artefact,,57,1,0,0,1,0,56,0.9825,0.9825,0.0088,0.0,0.9912,0.9649,slight
Psil 11-20: Francesco × Susana,psilocybin,11-20,tactile_hallucination_inorganic_entity,Tactile hallucination,Inorganic entity,,57,0,2,0,0,2,55,0.9649,0.9649,0.0175,0.0,0.6946,0.9298,slight
Psil 11-20: Francesco × Susana,psilocybin,11-20,tactile_hallucination_extraordinary_entity,Tactile hallucination,Extraordinary entity,,57,1,1,1,0,0,56,1.0,0.9655,0.0175,1.0,0.0,1.0,almost-perfect
Psil 11-20: Francesco × Susana,psilocybin,11-20,tactile_hallucination_other,Tactile hallucination,Other,,57,2,1,0,2,1,54,0.9474,0.9486,0.0263,-0.024,0.5754,0.8947,worse-than-chance
Psil 11-20: Francesco × Susana,psilocybin,11-20,nonsensory_hallucination_human,Nonsensory hallucination,Human,,57,0,1,0,0,1,56,0.9825,0.9825,0.0088,0.0,0.9912,0.9649,slight
Psil 11-20: Francesco × Susana,psilocybin,11-20,nonsensory_hallucination_extraordinary_entity,Nonsensory hallucination,Extraordinary entity,,57,1,1,1,0,0,56,1.0,0.9655,0.0175,1.0,0.0,1.0,almost-perfect
Psil 11-20: Francesco × Susana,psilocybin,11-20,nonsensory_hallucination_other,Nonsensory hallucination,Other,,57,1,3,1,0,2,54,0.9649,0.9317,0.0351,0.4865,0.3567,0.9298,moderate
Psil 11-20: Francesco × Susana,psilocybin,11-20,modal_status_of_the_hallucination_possible_and_probable_event,Modal status of the hallucination,Possible and probable event,,57,1,3,1,0,2,54,0.9649,0.9317,0.0351,0.4865,0.3567,0.9298,moderate
Psil 11-20: Francesco × Susana,psilocybin,11-20,modal_status_of_the_hallucination_possible_but_improbable_event,Modal status of the hallucination,Possible but improbable event,,57,3,5,1,2,4,50,0.8947,0.8689,0.0702,0.1972,0.31,0.7895,slight
Psil 11-20: Francesco × Susana,psilocybin,11-20,modal_status_of_the_hallucination_impossible_event,Modal status of the hallucination,Impossible event,,57,33,33,19,14,14,10,0.5088,0.5125,0.5789,-0.0076,0.1358,0.0175,worse-than-chance
