scene_id,trip_id,rater_status,parent_scene_id,lump_split_type,canonical_desc,canonical_span_start,canonical_span_end,rater_A_refs,rater_B_refs,adjudicator_note
Brugmansia_01_S01_AB,Brugmansia_01,both,,none,Sky full of moving white strands forming into a ball of light; clear vs cloudy sky,1775,2210,A01,"B01,B02",Same sky/light-ball passage; B split it into two excerpts but it is one scene. Classification disagreement on illusion vs full-blown immersive.
Brugmansia_01_S02_B,Brugmansia_01,only_B,,none,Living in a 3-second dream-delay; cannot live in the present,2364,2550,,B03,B treats the dream-delay experience as a nonsensory hallucination; A did not code it as a scene.
Brugmansia_01_S03_AB,Brugmansia_01,both,,none,In bathroom mirror sees a bald ~6' man who talks about life and death,2981,3300,A02,B04,"Same mirror-man passage. A codes many attributes (incrusted, unknown person, modal status, religious insight); B codes only as full-blown immersive. Major classification disagreement on type-of-visual-alteration."
Brugmansia_01_S04_AB,Brugmansia_01,both,,none,"Blurriness and colors changing, not mixing",4754,4830,A03,B05,Same excerpt. A reads it as an illusion of color; B reads it as a geometrical-pattern hallucination. Disagreement on modality + type-of-alteration.
Brugmansia_01_S05_A,Brugmansia_01,only_A,,none,"Laws of physics changed, faces changed, unseen rooms mapped to his home",5406,5620,A04,,"A scene-codes this as an illusion. B codes the same passage as trip-level 'Delusional' (see trip-level b04), not as a perceptual scene."
Brugmansia_01_S06_AB,Brugmansia_01,both,,none,Person in his room switches between a 12-year-old girl and his mother,6840,7000,A05,B06,Same switching-person passage. Disagreement on whether it's an illusion (A) or an incrusted-object hallucination (B).
Brugmansia_01_S07_AB,Brugmansia_01,both,,none,"Couch appears covered in spiders, centipedes, rollypolys and other insects",7832,8100,A06,"B07,B08",Same couch-insects passage; B split into two excerpts of the same scene. Both agree on incrusted+insect; A adds modal-status 'possible/probable event' which B omits.
Brugmansia_01_S08_AB,Brugmansia_01,both,,none,Mini-trips of giant shiny spiders seen only in reflected light,9417,9600,A07,B09,Same shiny-spiders-in-reflections passage. Both code insect; disagreement incrusted vs detached. A adds modal-status.
Brugmansia_02_S01_B,Brugmansia_02,only_B,,none,Smoked Brugmansia leaves make him see strange colors briefly,490,560,,B01,B codes the brief colour-seeing as an illusion; A did not individuate.
Brugmansia_02_S02_B,Brugmansia_02,only_B,,none,Feeling of being in the wrong place / dislocation,829,920,,B02,B codes this feeling of dislocation as an impossible-event modal-status entry; A codes the same sentence at trip-level (sense of strangeness) — see trip-level section.
Brugmansia_02_S03_A,Brugmansia_02,only_A,,none,Another friend talking who wasn't really there,2392,2460,A01,,A codes this as an incrusted hallucination of an acquaintance; B did not.
Brugmansia_02_S04_A,Brugmansia_02,only_A,,none,Fake inmate friend in the police car who later vanishes,2669,2980,A02,,"A codes this vividly hallucinated inmate; B did not individuate, though the narrative is explicit ('never there in the first place')."
Brugmansia_02_S05_A,Brugmansia_02,only_A,,none,People visiting his jail cell who weren't there,4587,4680,A03,,A codes the jail-cell visitors hallucination; B did not.
Brugmansia_02_S06_B,Brugmansia_02,only_B,,none,Post-trip inability to parse letters into words,4817,5050,,B03,B codes the reading impairment as a visual illusion; A did not. Whether this is really a hallucinatory scene is debatable — it is a perceptual deficit rather than added content.
Brugmansia_03_S01_AB,Brugmansia_03,both,,none,"On the drive home, sees snakes everywhere on the road",749,900,A01,B01,Same snakes-on-road passage. Agreement on incrusted-object; A additionally codes animal-other + modal status.
Brugmansia_03_S02_AB,Brugmansia_03,both,,none,Believes he is wearing a shirt and scrapes his chest pulling at skin as if it were fabric,967,1250,A02,B02,Same shirt passage. A codes as incrusted-object hallucination of a shirt (and clothes leaf); B codes as illusion (a misperception of the existing body). Classification disagreement on type-of-alteration.
Brugmansia_03_S03_AB,Brugmansia_03,both,,none,Fighting someone imagined in his room; asks roommate for help,1408,1500,A03,B03,Same fighting-someone passage. Both code unknown-person; A adds incrusted + modal status.
Brugmansia_04_S01_AB,Brugmansia_04,both,,none,Multicolored face emerges from shadow in corner of room,1650,1980,A01,B01,"Same face-in-corner passage. Classification disagreement: A=detached, B=incrusted."
Brugmansia_04_S02_AB,Brugmansia_04,both,,none,Green/yellow waves of light on ceiling; doily patterns; pink/green/blue drops on walls,1986,2200,A02,B02,"Same ceiling-patterns passage. A=illusion, B=geometrical pattern — classic illusion-vs-hallucination disagreement."
Brugmansia_04_S03_AB,Brugmansia_04,both,,none,Washcloth in shower appears as torn piece of face with eye still in socket,3342,3700,A03,B03,"Same passage. A=illusion (object misperceived), B=incrusted (object added)."
Brugmansia_04_S04_AB,Brugmansia_04,both,,none,Screw in shower ceiling grows legs and sniffs around; looks like a spider,3820,4180,A04,"B04,B05",Same screw-spider passage; B split into two excerpts of the same scene. A=illusion; B=incrusted + insect leaf. Disagreement on alteration type + B codes the spider as an actual object class.
Brugmansia_04_S05_A,Brugmansia_04,only_A,,none,Hands look red in the shower (like niacin flush),4185,4275,A05,,A scene-codes the red-hands observation as illusion; B did not individuate (arguably a borderline somatic/perceptual thing).
Brugmansia_04_S06_A,Brugmansia_04,only_A,,none,"Writing on shower wall: 'you are not...', fades when approached",4346,4580,A06,,A picks up the shower-wall writing; B did not.
Brugmansia_04_S07_B,Brugmansia_04,only_B,,none,Lying on bed watching 'all sorts of things' fly by,5202,5270,,B06,B treats the 'things flying by' line as a detached-object scene; A did not.
Brugmansia_04_S08_AB,Brugmansia_04,both,,none,Sees smoke and an imagined burning cigarette on desk; reaches for it repeatedly,6253,6600,A07,B07,Same cigarette-smoke scene. Both agree incrusted. A adds artefact leaf + modal status.
Brugmansia_04_S09_AB,Brugmansia_04,both,,none,Hallucinated music playing from his stereo / radio,6677,7200,"A08,A11",B09,Phantom-music scene. A provides two excerpts; both raters agree on auditory/artefact. A adds modal status.
Brugmansia_04_S10_AB,Brugmansia_04,both,,none,Sherlock Holmes standing at his bedroom door when he opens it,6853,6970,A09,B08,Same Sherlock scene. Disagreement on human-subtype (celebrity vs historical figure — both debatable for a fictional detective). A adds incrusted + impossible-event.
Brugmansia_04_S11_A,Brugmansia_04,only_A,,none,Text on screen turns into shifting colours,7410,7550,A10,,A codes the shifting-text colours; B did not.
Brugmansia_04_S12_AB,Brugmansia_04,both,,none,A spider builds a web across the bottom of his monitor; disappears when looked at,7978,8200,A12,B10,Same spider-on-monitor scene. Both agree insect. A adds incrusted + modal.
Brugmansia_04_S13_AB,Brugmansia_04,both,,none,Sinister growl from under his bed,8358,8450,A13,B11,Same growl scene. Both agree auditory-animal but disagree on mammal vs other leaf.
Brugmansia_04_S14_AB,Brugmansia_04,both,,none,A penny levitates from behind monitor and lands silently on top,8485,8600,A14,B12,Same flying-penny scene. Both agree incrusted. A also classifies object as tool/cloth (questionable fit — a penny is currency) and adds impossible-event.
Brugmansia_04_S15_AB,Brugmansia_04,both,,none,Walls appear projected on a moving backdrop; assume pink-red colour,8595,8760,A15,B13,Same walls-moving passage. Full agreement.
Brugmansia_05_S01_A,Brugmansia_05,only_A,,none,Hears a loud crash near his bed (no apparent source),1651,1720,A01,,A codes the crash as an auditory hallucination; B does not.
Brugmansia_06_S01_A,Brugmansia_06,only_A,,none,Lights start to appear brighter,527,570,A01,,A codes the brightening lights as illusion; B does not.
Brugmansia_06_S02_AB,Brugmansia_06,both,,none,Depth perception gone; eyes cannot focus; retinas hurt despite sunglasses,1374,1480,A02,B01,Same passage. Full agreement on illusion.
Brugmansia_06_S03_B,Brugmansia_06,only_B,,none,Everything touched feels strangely new (tactile),1542,1600,,B02,B codes a tactile-novelty sensation; A did not. NB: worksheet fuzzy-match score was only 50 — the exact excerpt may have been a paraphrase.
Brugmansia_06_S04_A,Brugmansia_06,only_A,,none,Water bottle disappears as it gets to his mouth,1641,1770,A03,,A codes vanishing bottle as incrusted hallucination; B does not.
Brugmansia_06_S05_A,Brugmansia_06,only_A,,none,"Friends S and T appear, have conversation; then vanish along with cigarette",1772,2130,"A04,A05",,A codes across two excerpts (friends appearing + friends vanishing with cigarette) as incrusted hallucinations of acquaintances and artefacts; B does not individuate this rich scene.
Brugmansia_06_S06_B,Brugmansia_06,only_B,,none,Play structure parts flipping him off / smiling / shadow is a cloud dragon,2178,2440,,B03,"B codes this play-structure-anthropomorphisation passage as incrusted. A codes the same passage at trip-level as 'biological projection' (see trip-level a02, a04) not as a scene."
Brugmansia_06_S07_B,Brugmansia_06,only_B,,none,Post-trip inability to read rest of the night,3816,3920,,B04,"B codes the reading impairment as a visual illusion. As with Brugmansia_02 S06, this is borderline — a perceptual/executive deficit rather than added content."
Brugmansia_07_S01_AB,Brugmansia_07,both,,none,Flashes of light / sparkles in vision,437,510,A01,B01,Same flashes-of-light passage. Full agreement.
Brugmansia_07_S02_A,Brugmansia_07,only_A,,none,Everything turning to jello visually,810,860,A02,,A codes the jello-visuals as illusion; B does not.
Brugmansia_07_S03_AB,Brugmansia_07,both,,none,Giant spider running in circles in living room; hisses when approached,972,1130,A03,B02,Same giant-spider scene. Both agree incrusted+insect. A adds modal-status impossible-event; B adds auditory-insect (the hissing). These are complementary captures of the same scene's multimodal attributes.
Brugmansia_08_S01_A,Brugmansia_08,only_A,,none,Talking to J then realises J is 30 feet behind; had been conversing with a non-existent companion,843,1180,A01,,A picks up the vanishing-conversation-partner episode as an incrusted hallucination of an acquaintance; B does not individuate it.
Brugmansia_08_S02_AB,Brugmansia_08,both,,none,"The moon dips, shoots up, and flies across the sky",1305,1480,A02,B01,Same moon passage. Both agree incrusted. A adds inorganic-entity leaf + impossible-event modal status.
Brugmansia_08_S03_AB,Brugmansia_08,both,,none,Squiggly lines in a square shape in peripheral vision,1724,1830,A03,B02,Same squiggles-in-peripheral-vision scene. Both agree geometrical-pattern. A adds detached-object + impossible-event.
Brugmansia_08_S04_AB,Brugmansia_08,both,,none,Talking to imaginary people in the tent; waiting for responses that don't come,1954,2140,A04,B03,Same imaginary-people scene. Strong agreement on incrusted+unknown-person. A adds modal status.
Brugmansia_08_S05_AB,Brugmansia_08,both,,none,Wakes to hearing J whisper his name repeatedly; J denies having spoken,2142,2400,A05,B04,Same whispering-name scene. A correctly codes as AUDITORY hallucination of an acquaintance. B miscodes as VISUAL — classification error (the scene is explicitly auditory in the narrative).
Brugmansia_08_S06_AB,Brugmansia_08,both,,none,Blows on logs to flare up a fire that isn't in the tent,2404,2600,A06,B05,Same non-existent-fire scene. Both agree incrusted. A adds artefact/tool (odd fit — a fire isn't a tool or cloth) + modal status.
Brugmansia_08_S07_AB,Brugmansia_08,both,,none,Kept seeing 6-7 people in the tent when there were only 3,2695,2800,A07,B06,Same phantom-people-count scene. Both agree unknown-person. A adds incrusted + modal status.
Brugmansia_08_S08_AB,Brugmansia_08,both,,none,In the morning: two people come into tent and have sex in front of him; imaginary person sits next to him,2795,3060,A08,B07,Same tent-sex-people scene. Both agree unknown-person. A adds incrusted + improbable-event.
Brugmansia_09_S01_AB,Brugmansia_09,both,,none,No depth perception; everything looks blurry / with fuzz growing on it,934,1050,A01,B01,Same passage. Full agreement on illusion.
Brugmansia_09_S02_AB,Brugmansia_09,both,,none,Sees own reflection in mirror as a Cheshire-cat-like feline; tries to pet it,1217,1380,A02,B02,"Same Cheshire-cat-in-mirror scene. Disagreement on alteration type (illusion vs incrusted) and object class (B explicitly codes mammal; A does not). A's 'amnesia' code here is misplaced — the passage is about the moment of misrecognition, not memory loss. B's classification is arguably more accurate (the cat is a new object in place of his face)."
Brugmansia_09_S03_A,Brugmansia_09,only_A,,none,CD player disappears when looked at again,1383,1560,A03,,A codes the vanishing CD player; B does not individuate.
Brugmansia_09_S04_AB,Brugmansia_09,both,,none,Apparitions of parents walking into and out of room through a door that never opens,1756,1940,A04,B03,Same parents-apparitions scene. Both agree acquaintance. A adds incrusted + modal status.
Brugmansia_09_S05_AB,Brugmansia_09,both,,none,Eating food that isn't there; bread turns into a marker and disappears,1933,2170,A05,B04,"Same imaginary-food scene. Disagreement on object class: A says artefact-other (food/markers as man-made objects), B says inorganic-entity-other. Both are reasonable, but artefact fits bread/marker better. A adds incrusted + modal."
Brugmansia_10_S01_A,Brugmansia_10,only_A,,none,Believed his parents had come home (they had not); had imaginary greeting / interaction with them,1605,1900,A01,,"A codes the phantom-parents-arriving scene; B does not individuate it, although it is one of the more striking hallucinations in the narrative."
Brugmansia_10_S02_AB,Brugmansia_10,both,,none,Vague memory of talking to people all afternoon,2110,2170,A02,B01,Same 'talking to people all afternoon' passage. Both agree it involved unknown persons. B additionally codes auditory (talking = speech = auditory) which is a reasonable capture A missed. A codes incrusted + modal. B codes amnesia at scene-level (should arguably be trip-level).
Brugmansia_10_S03_AB,Brugmansia_10,both,,none,"During phone call to Lauren, repeatedly paused to talk to imaginary people in the room",2440,2620,A03,B02,Same phone-call-with-phantom-people scene. Both agree unknown-person visual; B correctly adds auditory. A adds incrusted + modal.
Brugmansia_10_S04_AB,Brugmansia_10,both,,none,5-6 friends walk in and hang out like at a small party for ~20 minutes,3144,3340,A04,B03,Same phantom-friends-visit scene. Both agree acquaintance visual; B correctly adds auditory. A adds incrusted + modal.
Brugmansia_11_S01_AB,Brugmansia_11,both,,none,"Life flashes before eyes; sees friends and relatives waving goodbye, crying, grieving",520,720,"A01,A02,A03","B01,B02",Same opening-scene. Both code full-blown immersive + acquaintance + impossible. A additionally captures the auditory component (crying) and object-constancy — both valid; B missed them.
Brugmansia_11_S02_AB,Brugmansia_11,both,,none,Being dragged down a corridor by a force; then free-floating / moving fast,641,1300,"A04,A05,A06","B03,B04",Same corridor + dragging-force + free-floating scene. MAJOR classification disagreement on the force: A codes it as NONSENSORY hallucination of extraordinary entity; B codes it as TACTILE hallucination of extraordinary entity. The narrative text 'dragging me down' supports tactile (B). A also codes the corridor itself as a visual-artefact and the movement-feeling as visual-inorganic; B instead captures the overall immersive quality.
Brugmansia_11_S03_AB,Brugmansia_11,both,,none,T-Junction with dark evil left / light divine right; feelings contrast radically between sides,1559,2800,"A07,A08,A09,A10,A11",B05,"Same T-Junction scene. Both code full-blown immersive. Disagreement on modal status: A=impossible, B=possible-but-improbable (reasonable disagreement for an NDE). A additionally codes T-junction as 'geometrical pattern' (literal but arguably over-literal — T is a shape), and codes darkness/light/tunnel as inorganic-entity and artefact sub-objects. B treats it holistically."
Brugmansia_11_S04_AB,Brugmansia_11,both,,none,"Great wind-force approaches with sound, arrives, hits him, sent back to consciousness",3030,3900,"A12,A13,A14","B06,B07",Same wind-force scene. Both code auditory + visual inorganic. A additionally captures the tactile modality (wind 'hitting' him) which B missed.
Brugmansia_12_S01_AB,Brugmansia_12,both,,none,Girlfriend appears sitting on end of bed; disappears when touched,1221,1380,"A04,A05",B01,"Same girlfriend-on-bed scene. Both agree incrusted + acquaintance. Disagreement on modal status: A=impossible, B=possible-and-probable."
Brugmansia_12_S02_AB,Brugmansia_12,both,,none,"During sleep cycles, sees different people in room (girlfriend's mom, friend) who turn out to be a chair and a pile of blanket respectively",1519,1950,"A06,A07","B02,B03,B04,B05",Same sleep-cycle scene. Both agree acquaintance visual. B adds incrusted + modal. Arguably this is an ILLUSION (mistaking a chair for a person) rather than an incrusted hallucination (adding a person); neither rater captured that distinction.
Brugmansia_12_S03_AB,Brugmansia_12,both,,none,Eating cheese pizza in bed; tastes it; pizza slides down gap and is gone,2097,2280,"A08,A09,A10","B06,B07","Same cheese-pizza scene. Both agree gustatory. Major disagreement on type-of-alteration: A=incrusted, B=full-blown-immersive. A captures more modalities (tactile, visual artefact) and dynamics (no constancy) that B omits."
Brugmansia_12_S04_AB,Brugmansia_12,both,,none,"Doing crosswords in newspaper; newspaper slides down gap, pen lost after",2287,2460,"A11,A12,A13",B08,Same newspaper-sliding scene. Disagreement on type-of-alteration (incrusted vs full-blown immersive). A codes many more attributes.
Brugmansia_12_S05_AB,Brugmansia_12,both,,none,Facing tv smoking a cigarette; puts it under blanket; realises no cigarette exists,2454,2700,"A14,A15,A16",B09,Same phantom-cigarette scene. Same pattern as S03/S04: disagreement on alteration type.
Brugmansia_12_S06_AB,Brugmansia_12,both,,none,"Preacher woman on TV; believes she is talking to HIM personally, eyes follow him, threatens hell",3094,3700,A17,"B10,B11",Same preacher-on-TV scene. Both agree auditory hallucination of an unknown person. B additionally codes the visual component (the preacher appearing to look at him) + modal. The preacher is a real TV image — the hallucinatory element is that she is talking to him; B's coding is broader but arguably over-captures since the visual part isn't strictly hallucinated. A codes it at trip-level as psychological projection (a06) which is the most accurate framing.
Brugmansia_12_S07_B,Brugmansia_12,only_B,,none,Woke up thinking he was at his girlfriend's house,3732,3830,,B12,B codes the spatial-disorientation as an illusion; A codes only at trip-level (a05 Delusional).
Brugmansia_12_S08_AB_LUMPA,Brugmansia_12,both,,A_lumped_B_split,"Two star-incidents lumped together in A's individuation: (i) star at end of pen whirls out window, (ii) star shoots out of stereo display. A treated these as one scene; B split them into two separate scenes. This parent record covers A's lumped scope.",4498,4870,A18,"B13,B14",Parent lump: A quoted both star incidents together in one excerpt; B quoted them in two separate excerpts that together cover the same narrative span.
Brugmansia_12_S08.1_AB_SPLITB,Brugmansia_12,both,Brugmansia_12_S08_AB_LUMPA,A_lumped_B_split,"Child 1 of S08 lump: star appears at end of pen, whirls, shoots out window",4498,4680,A18,B13,B's first split; A's lump covers this via A18.
Brugmansia_12_S08.2_AB_SPLITB,Brugmansia_12,both,Brugmansia_12_S08_AB_LUMPA,A_lumped_B_split,Child 2 of S08 lump: star shoots out of stereo display in the dark; moves wherever he isn't looking,4706,4870,A18,B14,B's second split; A's lump covers this via A18.
Brugmansia_13_S01_AB,Brugmansia_13,both,,none,Mirror reflection of himself is shirtless after he has put his shirt on,1025,1170,A02,B01,"Same shirtless-mirror-self scene. Disagreement on alteration: A=illusion (reflection misperceived), B=incrusted + unknown person (a new entity in the mirror). Either reading is defensible. B adds modal status."
Brugmansia_13_S02_A,Brugmansia_13,only_A,,none,Believes a pen in his hand is the sandals he was looking for,1594,1870,"A03,A04",,A codes this pen/sandals misidentification at scene-level + trip-level delusional. B codes only at trip-level (b01 delusional) — a missed scene individuation.
Brugmansia_13_S03_AB,Brugmansia_13,both,,none,"In the bathroom (locked) sees two friends: one watching him piss, another washing hands; has a conversation; friends vanish",2100,2420,"A05,A06","B02,B03,B04",Same bathroom-friends scene. Both agree incrusted + acquaintance. A correctly adds auditory (conversation) + no-object-constancy (he was gone after). Modal-status disagreement (improbable vs probable).
Brugmansia_13_S04_B,Brugmansia_13,only_B,,none,"In music store, friends at CD racks keep disappearing when he looks for them",3083,3270,,B05,B individuates the friends-disappearing-in-store scene; A does not code at scene-level (but codes related disappearance dynamics at trip-level).
Brugmansia_13_S05_AB,Brugmansia_13,both,,none,"Believes he is driving his own car with friends in the back; reaches for brake pedal, steering wheel, instrument panel, sees brake lights of other cars",3518,3900,"A07,A08,A09,A10,A11,A12,A13,A14,A15,A16",B06,"Same phantom-car scene. Disagreement on alteration type: A=incrusted (many small objects: wheel, dash, brake lights), B=full-blown immersive (he was fully convinced he was driving — an alternate reality). Both defensible. A captures tactile modality (reaching for controls) that B omits."
Brugmansia_13_S06_AB,Brugmansia_13,both,,none,"Throughout the night, pulls (non-existent) cigarettes from empty pack, lights them, smokes them; hand shaped around cigarette",4252,4560,"A17,A18,A19,A20","B07,B08",Same phantom-cigarette scene. Both agree tactile. Alteration disagreement (incrusted vs full-blown immersive). Same pattern as S05.
Brugmansia_13_S07_AB,Brugmansia_13,both,,none,"Believes he went to bed stripped to boxers; wakes up sitting in desk chair fully clothed, smoking imaginary cigarette; repeats 3x",4568,4750,"A21,A22,A23,A24",B09,"Same bed-vs-desk-chair scene. Same pattern: A=incrusted with object leaves, B=full-blown immersive."
Brugmansia_13_S08_AB,Brugmansia_13,both,,none,Shadow humanoid figures leap across ceiling; shadow head peeks from bedroom corners,4856,5150,"A25,A26,A27","B10,B11","Same shadow-figures scene. Disagreement on alteration type (detached vs incrusted) AND on object class: A=extraordinary entity (shadow beings), B=human-others (human figures). The narrator calls them 'shadows of human figures' — both readings defensible."
Brugmansia_13_S09_AB,Brugmansia_13,both,,none,"Cat pouncing on stomach and digging under covers; grabs cat to put her out, only to find hand empty (cat was already out)",5154,5400,"A28,A29,A30","B12,B13",Same phantom-cat scene. Both agree mammal. Alteration disagreement (incrusted vs full-blown immersive). A adds amnesia (reasonable — he'd forgotten locking the cat out) and delusional.
Brugmansia_13_S10_AB,Brugmansia_13,both,,none,Girlfriend appears twice on other side of bed; touches her hair once; second time yells at her for hogging bed; she was not there,5526,5700,A31,"B14,B15",Same phantom-girlfriend-in-bed scene. Both agree acquaintance visual. B correctly adds tactile (touched her hair) which A missed. B also adds incrusted + modal.
Brugmansia_14_S01_A,Brugmansia_14,only_A,,none,"Billiard ball perceived as an apple, almost bitten",693,780,"A01,A02",,A individuates the billiard-ball-as-apple as a scene; B does not.
Brugmansia_14_S02_AB,Brugmansia_14,both,,none,Sees friend's dad and greets him; friend says no one is there,896,990,"A03,A04","B01,B02",Same scene. Both see acquaintance + incrusted.
Brugmansia_14_S03_AB,Brugmansia_14,both,,none,Believes he is playing guitar really well; realises his hands are in his pockets,988,1120,"A05,A06,A07",B03,Same scene. Both capture tactile modality.
Brugmansia_14_S04_AB,Brugmansia_14,both,,none,"Friend walks him home for 15 min, disappears into thin air just before his house",1122,1350,A08,B04,"Same phantom-friend-walks-home scene; A focuses on the disappearance, B on the walk. Same scene different aspects emphasised."
Brugmansia_14_S05_AB,Brugmansia_14,both,,none,"At night, talks to imaginary people",1353,1420,"A09,A10","B05,B06",Same imaginary-people scene. Attribute disagreements (detached vs incrusted; extraordinary-entity vs human-unknown) are left as rater subjectivity.
Brugmansia_14_S06_AB,Brugmansia_14,both,,none,Smoking an imaginary cigarette (he is a non-smoker),1416,1510,A11,B07,Same imaginary-cigarette scene. Both capture tactile.
Brugmansia_15_S01_A,Brugmansia_15,only_A,,none,Own mirror reflection perceived as one of his friends; has conversation with it until hand-gesture mirroring reveals it is himself,1304,1550,"A01,A02,A03",,A individuated this as a scene; B did not.
Brugmansia_15_S02_AB,Brugmansia_15,both,,none,Two-hour conversation in bed with two imaginary friends on the floor,1563,1760,A04,"B01,B02",Same imaginary-friends scene. B captures acquaintance object-class. Modal-status disagreement (probable vs improbable) — rater subjectivity.
Brugmansia_16_S01_AB,Brugmansia_16,both,,none,Hallucinations of friends (who were in different cities) conversing and making plans; gone when looked back at,1194,1370,"A01,A02","B01,B02,B03",Both raters individuated this as a single scene. Attribute differences left as-is.
Brugmansia_17_S01_A,Brugmansia_17,only_A,,none,Mistook canola cooking oil bottle for a drink and drank it (twice attempted),2590,3050,"A01,A02",,A individuated this as a scene; B did not.
Brugmansia_18_S01_AB,Brugmansia_18,both,,none,Jake arrives with a group of unknown silent people; later realises it wasn't Jake,1432,1960,"A01,A02","B01,B02,B03",Both individuated this scene. A quoted later part (realisation); B quoted earlier part (arrival).
Brugmansia_18_S02_AB,Brugmansia_18,both,,none,Smoking imaginary cigarettes all night; ~6 unknown people in apartment,2079,2280,"A03,A04,A05",B04,Both individuated. Attribute details differ.
Brugmansia_18_S03_AB,Brugmansia_18,both,,none,Silent people take the form of mental patients; lip-reading their non-sounds,2415,2670,"A06,A07",B05,Both individuated this scene.
Brugmansia_18_S04_A,Brugmansia_18,only_A,,none,Strange silent people take on horror-based figures,2674,2870,A08,,A individuated as a distinct scene; B did not (possibly treated as continuation of S03).
Brugmansia_18_S05_B,Brugmansia_18,only_B,,none,Mental patients lying on floor beside bed after returning home,3424,3610,,B06,B individuated this as a separate scene at home; A did not.
Brugmansia_18_S06_B,Brugmansia_18,only_B,,none,Two female mental patients at home (a pillow-headed one and a clock-headed one),4017,4500,,B07,B individuated this as a separate detailed scene; A did not.
Brugmansia_19_S01_AB,Brugmansia_19,both,,none,White cobwebs layer on ceiling; possibly a spider,737,900,"A01,A02",B01,Both individuated this scene.
Brugmansia_19_S02_AB,Brugmansia_19,both,,none,Naked blonde woman standing in the shower; repeated conversations,946,1040,"A03,A04",B02,Both individuated this scene.
Brugmansia_20_S01_B,Brugmansia_20,only_B,,none,Feels someone's legs across his chest as if a person came in and slept in his bed,774,900,,B01,B individuated this as a scene; A did not.
Brugmansia_20_S02_A,Brugmansia_20,only_A,,none,Pitch black room impaired vision (darkness coded as illusion),912,975,A01,,A individuated; B did not.
Brugmansia_20_S03_AB,Brugmansia_20,both,,none,"Instead of seeing his friend on the floor, sees a kid from down the street + 3 other sleeping people",1036,1200,"A02,A03,A04","B02,B03",Both individuated this scene.
Brugmansia_20_S04_B,Brugmansia_20,only_B,,none,Returning to room still sees the person in the bed; then gone,1564,1650,,B04,B individuated this as a separate scene; A did not.
Brugmansia_20_S05_AB,Brugmansia_20,both,,none,"Friend appearing in computer chair (repeatedly, while actually asleep on floor)",1658,2270,"A05,A06","B05,B06,B07",Both individuated this scene.
Brugmansia_20_S06_A,Brugmansia_20,only_A,,none,Roach on the window blinds,2273,2330,"A07,A08",,A individuated; B did not.
Brugmansia_20_S07_AB,Brugmansia_20,both,,none,Two unknown people come out of sister's room asking for smoking materials,3079,3230,"A09,A10,A11","B08,B09,B10",Both individuated this scene with matching attributes.
Brugmansia_20_S08_AB,Brugmansia_20,both,,none,A different friend appears beside him; asks for help finding joint; friend disappears/reappears,3513,3700,"A12,A13",B11,Both individuated this scene.
Brugmansia_20_S09_AB,Brugmansia_20,both,,none,Wasps flying in room; a frog on the blind-string eats a wasp,3812,4020,"A14,A15,A16","B12,B13,B14,B15",Both individuated this scene with matching attributes.
Brugmansia_20_S10_A,Brugmansia_20,only_A,,none,Morning arrives in discrete lighting-brightness waves rather than continuously,4028,4220,A17,,A individuated as illusion; B did not.
Psilocybe_01_S01_AB,Psilocybe_01,both,,none,Cosmic hum / organic buzzing / radio-static sound,451,700,A01,B01,Both individuated this scene.
Psilocybe_01_S02_AB,Psilocybe_01,both,,none,Kaleidoscopic fractals/color/shapes swirling; edges of own body and blanket dissolving into shapes,895,1200,"A02,A03,A04,A05,A06,A07,A08",B02,"Both individuated this scene. A fragments into many sub-object excerpts (blanket edges, body edges, shapes); B codes holistically as illusion. Plus B codes the same passage at trip-level as own-body-distortion + haptic delight."
Psilocybe_01_S03_A,Psilocybe_01,only_A,,none,Main narrator voice + other voices + voices of people/entities + electronic music booming,1300,1520,A09,,A individuated the multiple-voices-and-music scene; B did not scene-code it.
Psilocybe_01_S04_AB,Psilocybe_01,both,,none,"Presence of entities in the room with him; some visible as swirls, others formless",1980,2900,"A10,A11,A17,A18,A19","B04,B05",Both individuated the entities-present scene.
Psilocybe_01_S05_AB,Psilocybe_01,both,,none,Thinking of people in his life — sees them and talks with them; also sees people he's never met and admires (including Erykah Badu voicing wisdoms),2202,2600,"A12,A13,A14,A15,A16",B03,Both individuated this combined 'people and voices' scene with similar auditory codes.
Psilocybe_01_S06_A,Psilocybe_01,only_A,,none,Erotic dance with the entities; 'spotted' by outsiders; giggling and mutually admiring,3240,3560,"A20,A21",,"A individuated this erotic-dance scene. B codes the same passage at trip-level as Sensory-delight/erotic, not scene-level."
Psilocybe_01_S07_A,Psilocybe_01,only_A,,none,Breaking edges visible again when focusing later in the trip,4550,4620,A22,,A individuated as a distinct later scene; B did not.
Psilocybe_01_S08_AB,Psilocybe_01,both,,none,"In bathroom: tile floor's tiny hair strands moving, ondulating, separating into edges",6771,6960,"A23,A24,A25",B06,Both individuated this scene.
Psilocybe_01_S09_A,Psilocybe_01,only_A,,none,Visualises mycelium branching in disturbed earth connecting all beings,9742,10000,"A26,A27,A28,A29",,A individuated the mycelium visualisation as a scene. B codes the same passage at trip-level as Insight/Existential.
Psilocybe_02_S01_A,Psilocybe_02,only_A,,none,Sky is unusually colourful,308,380,A01,,A individuated.
Psilocybe_02_S02_AB,Psilocybe_02,both,,none,Tree with animated cortex + pine needles as sliding filaments,480,800,"A02,A03,A04",B01,Both individuated; B's excerpt also encompasses the sky + tree together.
Psilocybe_02_S03_A,Psilocybe_02,only_A,,none,"Own hands transparent, milky, blue veins, tiny moving particles",872,1000,"A05,A06,A07,A08",,A individuated; B did not.
Psilocybe_02_S04_AB,Psilocybe_02,both,,none,Ground appears as mass of moving black shining worms,1015,1100,"A09,A10",B02,Both individuated.
Psilocybe_02_S05_A,Psilocybe_02,only_A,,none,Fantasy world like Lord of the Rings (eyes closed),1144,1210,"A11,A12",,A individuated; B did not.
Psilocybe_02_S06_A,Psilocybe_02,only_A,,none,Violent scream heard (auditory),1209,1270,A13,,A individuated; B did not.
Psilocybe_02_S07_AB,Psilocybe_02,both,,none,Trees become a vortex; fluorescent lines leaving traces on black screen following secret geometry,1574,1800,"A14,A15,A16,A17,A18,A19",B03,Both individuated.
Psilocybe_02_S08_A,Psilocybe_02,only_A,,none,"Walking in wood: brilliant green heart-shaped leaves, rain like ice needles, wind in dolby surround",2000,2170,"A20,A21",,A individuated; B did not.
Psilocybe_02_S09_AB,Psilocybe_02,both,,none,Feeling of someone following behind him (but no one there),2511,2600,A22,B04,Both individuated.
Psilocybe_02_S10_AB,Psilocybe_02,both,,none,Mexican environment perceived as extraordinarily colourful,3114,3210,A23,B05,Both individuated with same attribute.
Psilocybe_02_S11_AB,Psilocybe_02,both,,none,Blanket with flowers fluctuating on it; merges with them,4469,4580,"A24,A25",B06,Both individuated.
Psilocybe_02_S12_A,Psilocybe_02,only_A,,none,Feeling of being at a California party with many people and music; amplified echo-sounds,4700,5000,A26,,A individuated; B did not.
Psilocybe_02_S13_A,Psilocybe_02,only_A,,none,Visions of past parties and clubs,5555,5620,"A27,A28,A29",,A individuated; B did not.
Psilocybe_02_S14_A,Psilocybe_02,only_A,,none,Own scent (and girlfriend's) strong like animals (olfactory),6390,6470,A30,,A individuated; B did not.
Psilocybe_02_S15_AB,Psilocybe_02,both,,none,Colourful visions of lights and luminous wires interweaving,7126,7200,"A32,A33,A34",B07,Both individuated.
Psilocybe_02_S16_AB,Psilocybe_02,both,,none,"Wall becomes liquid and transparent, water flowing into it",7211,7300,A35,B08,Both individuated; full agreement.
Psilocybe_02_S17_A,Psilocybe_02,only_A,,none,"Hears voices outside as Chinese speakers under bamboo shelter, wind in bamboo",7300,7500,"A36,A37",,A individuated; B did not.
Psilocybe_02_S18_AB,Psilocybe_02,both,,none,Colourful snakes moving in a pattern,7791,7850,"A38,A39",B09,Both individuated.
Psilocybe_02_S19_A,Psilocybe_02,only_A,,none,Enters '2001: A Space Odyssey' immersively,8242,8310,A40,,A individuated; B did not.
Psilocybe_02_S20_A,Psilocybe_02,only_A,,none,Wood-board ceiling: veins and nodes floating,8485,8560,"A41,A42",,A individuated; B did not.
Psilocybe_02_S21_AB,Psilocybe_02,both,,none,"Wonderful dragons/demons flying, gold rings with gemstones whirling like snake skin forming esoteric symbol",8674,8900,"A43,A44,A45",B10,Both individuated.
Psilocybe_02_S22_A,Psilocybe_02,only_A,,none,Everything turns silver; opera-set leans toward audience,8955,9080,"A46,A47,A48,A49,A50",,A individuated; B did not.
Psilocybe_02_S23_AB,Psilocybe_02,both,,none,Virtual hexagonal room with dimensional-porthole round window leading to other worlds,9273,9520,"A51,A52,A53,A54,A55,A56",B11,Both individuated.
Psilocybe_02_S24_AB,Psilocybe_02,both,,none,Black heart-shaped obsidian in dark cave emanating evil; takes anthropomorphic black-fog form,10283,10530,"A57,A58,A59,A60,A61",B12,Both individuated.
Psilocybe_02_S25_A,Psilocybe_02,only_A,,none,Visual of dissolution of the body / end of everything (imagining death),10686,10800,A62,,A individuated; B did not.
Psilocybe_02_S26_A,Psilocybe_02,only_A,,none,"Palm lines change colour, rectangle of iridescent soft pulsing lines, hand as planet surface, dead hand",11390,11580,"A63,A64,A65,A66",,A individuated; B did not.
Psilocybe_03_S01_AB,Psilocybe_03,both,,none,"Stands before a board of spirits (unseen, audible); spirits discourse on interdimensional race, recalibration, mission",5387,7050,A01,"B01,B02",Both individuated this extended spirit-council scene.
Psilocybe_04_S01_B,Psilocybe_04,only_B,,none,Sees himself on a high bridge pirouetting like a Cirque du Soleil acrobat,746,1090,,B01,B individuated; A did not.
Psilocybe_04_S02_AB,Psilocybe_04,both,,none,"Hallmark shapes of the medicine spirit: fractal shapes, alternating zones of bright complementary colors",1094,1320,"A01,A02,A03",B02,Both individuated.
Psilocybe_04_S03_AB,Psilocybe_04,both,,none,Sees spirits and a pesky demon; feels he and wife had been 'here before',3120,3250,"A04,A05,A06",B03,Both individuated.
Psilocybe_05_S01_AB,Psilocybe_05,both,,none,"Words on the computer screen shimmer, flicker, then mutate wildly in rhythmic patterns",1438,2100,A01,B01,Both individuated.
Psilocybe_05_S02_A,Psilocybe_05,only_A,,none,"Friend's trippy-art images mutating, shimmering, melting, growing out and back",2331,2540,A02,,A individuated; B did not.
Psilocybe_05_S03_A,Psilocybe_05,only_A,,none,"Pictures himself as a small child lost in space, flying into nether regions",2887,3000,"A03,A04,A05,A06",,A individuated; B did not.
Psilocybe_05_S04_A,Psilocybe_05,only_A,,none,Sun rising and setting repeatedly in background of picture; each component a breathing mass of cosmic sludge,2994,3320,"A07,A08,A09,A10",,A individuated; B did not.
Psilocybe_05_S05_AB,Psilocybe_05,both,,none,A beautiful golden sun of geometric figures appears etched into the background of screen,3327,3540,"A11,A12,A13",B02,Both individuated.
Psilocybe_05_S06_A,Psilocybe_05,only_A,,none,Sinister cosmic black hole pulling away parts of ego,3725,3900,A14,,A individuated; B did not.
Psilocybe_05_S07_AB,Psilocybe_05,both,,none,Indian jungle; black snakes slithering around; desk transforms into stone panther statue; hordes of faces cascading with sinister smiles,4513,4990,"A15,A16,A17,A18,A19,A20,A21,A22,A23","B03,B04,B05,B06,B07",Both individuated this composite jungle scene; both captured multiple sub-objects. Alteration-type disagreement (detached vs full-blown immersive).
Psilocybe_05_S08_AB,Psilocybe_05,both,,none,Darkness around computer screen cycles between dark and dim light,5942,6150,A24,B08,Both individuated.
Psilocybe_05_S09_A,Psilocybe_05,only_A,,none,Auditory hallucinations infiltrating thoughts (ghost voices of acquaintances),6243,6350,A25,,A individuated; B did not.
Psilocybe_05_S10_AB,Psilocybe_05,both,,none,"Full 3D dream world with alien-like monstrosities (Lovecraftian), mutating quivering things staring back",7937,8400,"A26,A27,A28","B09,B10",Both individuated.
Psilocybe_05_S11_A,Psilocybe_05,only_A,,none,Feels he stumbled upon a cosmic isle free of earthly properties,9389,9500,A29,,A individuated; B did not.
Psilocybe_06_S01_AB,Psilocybe_06,both,,none,Street / patterned surfaces begin to roll and stretch like a calm sea,1911,2020,A01,B01,Both individuated.
Psilocybe_06_S02_A,Psilocybe_06,only_A,,none,Speaking and hearing spoken words feels somewhat alien,2027,2120,A02,,A individuated; B did not.
Psilocybe_06_S03_A,Psilocybe_06,only_A,,none,"Entering dark bathroom from bright sun: can't make out colors/shapes, black-brown haze",2500,2600,A03,,"A individuated; B did not (possibly because this is a real light-adaptation effect, not a hallucination)."
Psilocybe_06_S04_AB,Psilocybe_06,both,,none,Stall walls bending and rolling like sheet metal; wood-grain lines stretching and shrinking,2680,2980,"A04,A05",B02,Both individuated.
Psilocybe_06_S05_A,Psilocybe_06,only_A,,none,Everything looks kind of glassy,5250,5290,A06,,A individuated; B did not.
Psilocybe_06_S06_AB,Psilocybe_06,both,,none,Hallway shifts and starts to rock; lights shimmer and fade,6226,6400,"A07,A08",B03,Both individuated. A additionally captures the tactile (rocking) modality.
Psilocybe_06_S07_A,Psilocybe_06,only_A,,none,Period-rush: for seconds feels he's really in prehistoric earth in front of T-rex,7057,7200,A09,,A individuated; B did not.
Psilocybe_06_S08_A,Psilocybe_06,only_A,,none,Sounds of people talking cease to be words and become pure sounds flowing around him,9343,9470,A10,,A individuated; B did not.
Psilocybe_06_S09_A,Psilocybe_06,only_A,,none,Running fingers across face leaves tactile tracers (feels fingers pressing after pulling away),10185,10380,A11,,A individuated; B did not.
Psilocybe_07_S01_AB,Psilocybe_07,both,,none,Waves of psychedelic energy manifest as 'wind' flowing through body,260,400,A01,B01,Both individuated. Rater A tags tactile modality; rater B tags visual. Genuine modality disagreement on same scene.
Psilocybe_07_S02_A,Psilocybe_07,only_A,,none,Visions plentiful but in black and white; feels ego being physically crushed like a can,1094,1470,"A02,A03,A04,A05",,A individuated; B did not.
Psilocybe_07_S03_AB,Psilocybe_07,both,,none,Entity arrives; does rhythmic dance involving horrifying probes of his form; turns out to be a giant praying mantis with cartoon details,1545,2600,"A06,A07,A08,A09,A10","B02,B03",Both individuated the mantis-entity scene.
Psilocybe_07_S04_AB,Psilocybe_07,both,,none,"Drifts through outer space; sees stars, celestial bodies, molecules; charts the cosmos by rearranging stars, different arrangements produce different mental states",2895,3900,"A11,A12,A13,A14,A15,A16",B04,Both individuated.
Psilocybe_07_S05_AB,Psilocybe_07,both,,none,Round room; perimeter has Mayan-cartoon-dog creatures with dragging tongues and backward eyes; middle has indescribable entities; one is a Huichol-garbed Mexican man vomiting,3961,4900,"A17,A18,A19,A20,A21,A22,A23,A24,A25","B05,B06,B07,B08",Both individuated this composite round-room scene.
Psilocybe_07_S06_AB,Psilocybe_07,both,,none,"Opium-poppy-like flowers surround him; DMT machine-elves arrive, sing in high-pitched collective voice about his DNA",5240,5700,"A26,A27,A28,A29","B09,B10",Both individuated.
Psilocybe_07_S07_AB,Psilocybe_07,both,,none,Metallic cicada-like buzzing sound locked on to his hum; he feels as a bug making the sound; intuitive understanding of metamorphosis,6459,6700,A30,B11,"Both individuated. Object-class disagreement: A=animal/insect, B=extraordinary entity."
Psilocybe_07_S08_AB,Psilocybe_07,both,,none,"Sculpts 3D objects of pure light and revolving spheres, towers of emerald surrounded by throbbing orbs of sound and love",7203,7500,"A31,A32,A33,A34,A35,A36",B12,Both individuated.
Psilocybe_08_S01_AB,Psilocybe_08,both,,none,Music turns things into dragons; own and sitter's hands look and feel like dragon's claws,1719,1900,A02,B01,Both individuated.
Psilocybe_08_S02_A,Psilocybe_08,only_A,,none,Friend who told frog joke shows up in frog form a few times during session,1905,2060,"A03,A04",,A individuated; B did not.
Psilocybe_08_S03_AB,Psilocybe_08,both,,none,Kaleidoscope-type visuals,2080,2180,"A05,A06",B02,Both individuated.
Psilocybe_08_S04_A,Psilocybe_08,only_A,,none,"Beautiful visual of living, breathing Earth with water flowing around and through it",2766,2870,"A07,A08",,A individuated; B did not.
Psilocybe_08_S05_B,Psilocybe_08,only_B,,none,Becoming part of a vast network of dancing pale green branches; limbs merging seamlessly,3149,3400,,B03,B individuated; A codes this at trip-level as ego-dissolution/bodily (a09).
Psilocybe_08_S06_A,Psilocybe_08,only_A,,none,Abstract visual interpretations of music (sunlight-on-ripples analog),3357,3680,"A09,A10,A11,A12,A13",,A individuated; B did not.
Psilocybe_08_S07_AB,Psilocybe_08,both,,none,Sitter / bedroom wall / surroundings familiar but distorted in space as if brain refused to do geometry,3704,3850,A14,B04,Both individuated.
Psilocybe_08_S08_AB,Psilocybe_08,both,,none,Beautiful fractal rainbow spiral world with sense of order and freedom,5419,5540,"A15,A16,A17",B05,Both individuated.
Psilocybe_08_S09_AB,Psilocybe_08,both,,none,"The words 'cosmic consciousness' appear visually, exactly as he'd written them earlier",5549,5690,A18,B06,Both individuated.
Psilocybe_08_S10_AB,Psilocybe_08,both,,none,"Two friends appear in the fractal space: one as a frog, one dancing",5686,5900,"A19,A20",B07,Both individuated. Note: B codes 'frog' as aquatic-animal (debatable — frogs are amphibians).
Psilocybe_08_S11_A,Psilocybe_08,only_A,,none,Own consciousness manifests as loosely defined part of the fractal; candle-like light fading,6191,6400,"A21,A22",,A individuated; B did not.
Psilocybe_08_S12_A,Psilocybe_08,only_A,,none,Sees normal human waking life as a small dark loop in the pattern,7363,7460,"A23,A24",,A individuated; B did not.
Psilocybe_09_S01_A,Psilocybe_09,only_A,,none,Waves of rainbow pastel colors separate and replicate,734,900,"A01,A02,A03",,A individuated; B did not.
Psilocybe_09_S02_A,Psilocybe_09,only_A,,none,Rising focusing energy; gives birth to the universe with ecstatic dancing,1612,1790,"A04,A05,A06",,A individuated; B did not.
Psilocybe_09_S03_AB,Psilocybe_09,both,,none,Lights dancing; Jimi Hendrix poster on wall is a 3D mosaic undulating,2247,2400,A07,B01,Both individuated. Full agreement.
Psilocybe_09_S04_A,Psilocybe_09,only_A,,none,Cosmic winds blow through center of where he had been until nothing,3694,3870,"A08,A09,A10",,A individuated; B codes this at trip-level as ego dissolution (b01).
Psilocybe_09_S05_A,Psilocybe_09,only_A,,none,"When he turned his gaze, darkness followed behind but what he looked at was illuminated",5697,5800,"A11,A12,A13",,A individuated; B did not.
Psilocybe_10_S01_AB,Psilocybe_10,both,,none,Sees another set of fingers floating above current set; friend's thumb appears inches from face though he is 6 feet away,1365,1900,"A01,A02,A03,A04",B01,Both individuated.
Psilocybe_10_S02_AB,Psilocybe_10,both,,none,"Outlines in visual field become wavy/melting; notices intricate patterns in room, furniture, wood grain",3159,3450,"A05,A06",B02,Both individuated.
Psilocybe_10_S03_AB,Psilocybe_10,both,,none,"Mirror reflection looks animalistic/mousy; shadowing, expression, outlines of face change and distort",3573,3900,A07,B03,Both individuated.
Psilocybe_10_S04_AB,Psilocybe_10,both,,none,Couch appears as size of skyscraper; or he was extremely tiny,3959,4100,A08,B04,Both individuated.
Psilocybe_10_S05_AB,Psilocybe_10,both,,none,Everything in visual field was breathing; objects animated; colors pop and change faintly,5730,5870,A09,B05,Both individuated.
Psilocybe_10_S06_AB,Psilocybe_10,both,,none,Hedges in yard spell out 'Ron Regan' (Lil' Wayne song lyric); auditory connection,9766,9860,A10,B06,"Both individuated. Major modality disagreement: A tags auditory-plant, B tags visual-illusion (the hedges spelling letters is visual, but A interpreted it through the song lyric context)."
Psilocybe_10_S07_A,Psilocybe_10,only_A,,none,Still-distorting houses and telephone poles seen from ambulance,11631,11720,A11,,A individuated; B did not.
Psilocybe_11_S01_AB,Psilocybe_11,both,,none,"Becomes aware of a loving, intelligent, ancient, alien presence not in room or head",5629,5980,A01,"B01,B02,B03",Both individuated. B additionally codes visual alteration + object constancy.
Psilocybe_11_S02_AB,Psilocybe_11,both,,none,Patterns as geometric fractals with distinctly organic feel,5982,6200,A02,B04,Both individuated.
Psilocybe_11_S03_AB,Psilocybe_11,both,,none,Hears presence respond 'I am you and you are me',6423,6600,A03,B05,Both individuated. Disagreement on extraordinary-entity leaf (other vs alien).
Psilocybe_11_S04_AB,Psilocybe_11,both,,none,Blue tie-dye-like pattern with vibrant blues; gradient begins to ripple like a veil; rotation and spiral geometry,7273,8310,"A04,A05,A06,A07","B06,B07",Both individuated this extended geometric pattern scene.
Psilocybe_11_S05_AB,Psilocybe_11,both,,none,"Pine trees, sunflower carvings, birds, woodland creatures, rotating 3D crystals, 9 men on bicycles riding over mountains from web-strands",8773,9050,"A08,A09,A10,A11,A12","B09,B10,B11,B12,B13,B14,B15,B16",Both individuated this dense composite scene with many sub-objects. High object-class agreement.
Psilocybe_11_S06_B,Psilocybe_11,only_B,,none,With the pulsing came recognizable images from our own world; completely let go,8471,8620,,B08,B individuated as transition scene; A absorbs this under S05.
Psilocybe_11_S07_B,Psilocybe_11,only_B,,none,"Entity takes his arms, pokes his face/chest while repeating 'you are the universe'",9560,9900,,B17,B individuated the possession/poking scene; A codes related insight at trip-level.
Psilocybe_11_S08_AB,Psilocybe_11,both,,none,"Entity revealed with cuttlefish/octopus eyes, roundish head, golden/orange radiance like alive sun looking back",10971,11500,A13,B18,Both individuated. Extraordinary-entity leaf disagreement (other vs alien).
Psilocybe_12_S01_B,Psilocybe_12,only_B,,none,Within 10 minutes things getting colorful,1283,1350,,B01,B individuated; A did not.
Psilocybe_12_S02_AB,Psilocybe_12,both,,none,Full kaleidoscope of spinning glowing pinwheels throughout scope of vision,2195,2340,A01,B02,"Both individuated. Disagreement on object-constancy (A says no, B says yes)."
Psilocybe_12_S03_AB,Psilocybe_12,both,,none,"Disperses into black microscopic crystals across a dark void; floats in void; exists only as essence, everything that exists",5259,5800,A02,B03,Both individuated the void scene.
Psilocybe_12_S04_AB,Psilocybe_12,both,,none,Coalesces back into two selves; has conversation with 'trip Doug' who reveals they met 20 years ago at Fire Island,5832,7650,"A03,A04","B04,B05",Both individuated the trip-Doug conversation.
Psilocybe_12_S05_B,Psilocybe_12,only_B,,none,"Two parallel universes sitting next to each other, can see them both",7068,7200,,B06,B individuated; A codes related insight at trip-level.
Psilocybe_12_S06_AB,Psilocybe_12,both,,none,Kaleidoscope patterns resume as he merges with trip-Doug,7576,7720,A05,B07,Both individuated.
Psilocybe_12_S07_AB,Psilocybe_12,both,,none,"Swimming through blue geometric domino-like objects with Z-shaped white/blue morphing patterns; smooth, felt on skin, dripped off fingers",8009,8550,"A06,A07","B08,B09",Both individuated the swimming-through-geometry scene with tactile component.
Psilocybe_12_S08_AB,Psilocybe_12,both,,none,"Wife has sparkling halo around her body form, shimmers like a mirage",8878,9020,A08,B10,Both individuated.
Psilocybe_12_S09_A,Psilocybe_12,only_A,,none,Everything takes on shimmering saturated jungle lushness,12092,12160,A09,,A individuated; B did not.
Psilocybe_12_S10_A,Psilocybe_12,only_A,,none,Watercolor of red apples on emerald green geometric background boils and moves in hypnotic chaotic madness,12154,12400,A10,,A individuated; B did not.
Psilocybe_13_S01_AB,Psilocybe_13,both,,none,Paintings of old German towns on the wall come alive with people walking in them,684,830,A01,"B01,B02",Both individuated. Type-of-alteration disagreement (incrusted vs illusion); dynamics disagreement (no-constancy vs constancy).
Psilocybe_13_S02_AB,Psilocybe_13,both,,none,Long blue hairs/tentacles reach down towards his face; feels them; become black octopus consuming him,1309,1620,"A02,A03","B03,B04,B05,B06",Both individuated the hair/tentacles/octopus scene.
Psilocybe_13_S03_AB,Psilocybe_13,both,,none,In a place full of faces and rooms; wanted to see own face; sees wife's face instead,1876,2100,A04,"B07,B08,B09",Both individuated.
Psilocybe_13_S04_AB,Psilocybe_13,both,,none,At his own funeral staring at wife's crying face being hugged by mourners,2254,2500,A05,"B10,B11,B12",Both individuated. Dynamics disagreement (no-constancy vs constancy).
Psilocybe_13_S05_AB,Psilocybe_13,both,,none,Watches first two cells split; consciousness builds human mind from various things,2700,2950,A06,B13,Both individuated.
Psilocybe_13_S06_AB,Psilocybe_13,both,,none,Transported to another world made of shallow water with metal fan-blade parts flowing in and out,3677,3950,A07,"B14,B15,B16",Both individuated.
Psilocybe_13_S07_B,Psilocybe_13,only_B,,none,House is very psychedelic and trippy,4418,4520,,B17,B individuated; A did not.
Psilocybe_13_S08_AB,Psilocybe_13,both,,none,Blankets are clouds with little machines running through them; wood floors and dresser become rave of moving lines,4569,4760,"A08,A09","B18,B19,B20",Both individuated.
Psilocybe_13_S09_AB,Psilocybe_13,both,,none,Has ape hands; sees memory of himself as an ape eating mushrooms,4773,5140,A10,B21,Both individuated.
Psilocybe_13_S10_AB,Psilocybe_13,both,,none,"Orange splits into two halves that become two brains (smaller old, larger new)",5144,5400,A11,B22,Both individuated.
Psilocybe_13_S11_B,Psilocybe_13,only_B,,none,Room bursts into million colors and crazy patterns,5522,5600,,B23,B individuated; A did not.
Psilocybe_13_S12_B,Psilocybe_13,only_B,,none,Peeled banana has streaks of red and purple (tie-dye colors),6893,7000,,B24,B individuated; A did not.
Psilocybe_13_S13_A,Psilocybe_13,only_A,,none,Feels electricity in the back of his head during storm,7196,7300,A12,,A individuated; B did not.
Psilocybe_14_S01_A,Psilocybe_14,only_A,,none,First flashes of pastel colors dance behind eyelids,687,790,A01,,A individuated; B did not.
Psilocybe_14_S02_B,Psilocybe_14,only_B,,none,Strange irregularity in heartbeat / cardiac arrhythmia feeling,795,900,,B01,B individuated as a scene; A did not.
Psilocybe_14_S03_B,Psilocybe_14,only_B,,none,Realizes 'it was my turn to die',1285,1400,,B02,B individuated; A did not.
Psilocybe_14_S04_AB,Psilocybe_14,both,,none,Horrific feeling of being violated and examined by invisible forces,2191,2500,A02,"B03,B04",Both individuated.
Psilocybe_14_S05_AB,Psilocybe_14,both,,none,"Stream of terrifying imagery spreads all around: occult symbols, sigils, hieroglyphs, cuneiform, flaming chariots, horned goats, snakes, angels",2730,3000,A03,"B05,B06,B07,B08,B09,B10,B11,B12,B13,B14",Both individuated this composite apocalyptic-imagery scene with many sub-objects. Alteration-type disagreement (immersive vs detached). Object-classes overlap heavily.
Psilocybe_14_S06_AB,Psilocybe_14,both,,none,"Ink appears to touch paper before pen hits, letters spill in slow motion, page looks made of radiant liquid light",4351,4600,A04,B15,Both individuated.
Psilocybe_15_S01_A,Psilocybe_15,only_A,,none,"Looking into tree, limbs seem to pull away from him and each other",855,960,A01,,A individuated; B did not.
Psilocybe_15_S02_A,Psilocybe_15,only_A,,none,"Sun has awesome presence: warm, powerful, God-like",1098,1200,A02,,A individuated; B did not.
Psilocybe_15_S03_B,Psilocybe_15,only_B,,none,"Scenery changed, nothing sits in space normally, nothing stationary",1513,1630,,B01,B individuated; A did not.
Psilocybe_15_S04_AB,Psilocybe_15,both,,none,Rush of geometric flowing orange/yellow/red patterns behind eyelids,1630,1810,A03,B02,Both individuated.
Psilocybe_15_S05_AB,Psilocybe_15,both,,none,"Sees images of Buddha, Jesus and other unidentified figures",1807,2000,A04,B03,Both individuated. Entity-leaf disagreement (other vs god).
Psilocybe_15_S06_A,Psilocybe_15,only_A,,none,Friends' yells reverberate and he felt them all around him,2523,2640,A05,,A individuated; B did not.
Psilocybe_15_S07_AB,Psilocybe_15,both,,none,Sees reflections of himself on either side; bush and tree multiply infinitely,2642,3000,A06,"B04,B05",Both individuated.
Psilocybe_15_S08_AB,Psilocybe_15,both,,none,Asks 'Who am I?' and hears inner voices answering 'Gregg Dix' through to 'no one',3047,3260,A07,B06,Both individuated.
Psilocybe_15_S09_B,Psilocybe_15,only_B,,none,"Enters strange world in head filled with language, numbers, confusion",5125,5240,,"B07,B08",B individuated; A did not.
Psilocybe_15_S10_B,Psilocybe_15,only_B,,none,Everything in life was elaborate lie; was primitive mind; became one with something else,5238,5500,,"B09,B10",B individuated; A codes at trip-level as ego dissolution.
Psilocybe_15_S11_AB,Psilocybe_15,both,,none,Yelps of coyotes and reverberating auditory hallucinations during sunset,5784,5900,A08,B11,Both individuated. Animal leaf disagreement (mammal vs other).
Psilocybe_15_S12_AB,Psilocybe_15,both,,none,Runs thinking Jeff is make-believe; everything around bends and melts,5968,6100,A09,"B12,B13",Both individuated.
Psilocybe_15_S13_AB,Psilocybe_15,both,,none,"Walking up hill, trees melted and bent around him; Jeff and the light the only stationary things",6757,6900,A10,B14,Both individuated.
Psilocybe_15_S14_AB,Psilocybe_15,both,,none,"Strange reality: street lights bent, cars flew through houses, stars fell",7381,7500,A11,B15,Both individuated.
Psilocybe_15_S15_A,Psilocybe_15,only_A,,none,"Poked head from blanket: strange orange dawn-like place, no longer night",7971,8100,A12,,A individuated; B did not.
Psilocybe_15_S16_AB,Psilocybe_15,both,,none,Friends return: figures stretching from normal height to ten feet tall,8377,8500,A13,B16,Both individuated.
Psilocybe_16_S01_AB,Psilocybe_16,both,,none,Bricks on wall take on carpet-like texture as he stares,807,930,A01,B01,Both individuated.
Psilocybe_16_S02_AB,Psilocybe_16,both,,none,"Sees outlines of numbers, a strange face, and moving patterns on wall",930,1080,A02,"B02,B03,B04,B05",Both individuated.
Psilocybe_16_S03_A,Psilocybe_16,only_A,,none,Trees outside loomed at him vibrant and alive,1082,1180,A03,,A individuated; B did not.
Psilocybe_16_S04_AB,Psilocybe_16,both,,none,Hidden patterns on floor including etheric forms of two figures embracing each other,1208,1480,A04,"B06,B07,B08",Both individuated.
Psilocybe_16_S05_B,Psilocybe_16,only_B,,none,Alex Grey's website: couldn't tell if pictures were actually moving animations or not,1489,1700,,B09,B individuated; A did not.
Psilocybe_16_S06_AB,Psilocybe_16,both,,none,Tiny spiders crawling across vision,3004,3100,A05,,(Actually only_A — B did not code tiny spiders at scene level.)
Psilocybe_16_S07_AB,Psilocybe_16,both,,none,"Closed-eye imaginative imagery: anything he thinks of appears behind eyelids, vivid and psychedelic; 'carnival of the strange' atmosphere",3332,3550,A06,"B10,B11,B12",Both individuated.
Psilocybe_16_S08_B,Psilocybe_16,only_B,,none,Pressing fingers into desk: resistance perceived as non-spatial pure sensation (dimensionless),4812,5180,,"B13,B14,B15",B individuated; A did not.
Psilocybe_16_S09_B,Psilocybe_16,only_B,,none,"Language devolves into glossolalia soup; bringing up random images (blackboard, chalk, dog barking)",7786,8000,,"B16,B17,B18,B19,B20",B individuated; A did not.
Psilocybe_17_S01_A,Psilocybe_17,only_A,,none,"Newspapers on table defy gravity, flap gently as if from a breeze",1491,1700,A01,,A individuated; B did not.
Psilocybe_17_S02_AB,Psilocybe_17,both,,none,"PC screen appears as kaleidoscope of colors, beehive of intricate 'networks' like stars of color on a blank pallet",1848,2100,A02,"B01,B02",Both individuated.
Psilocybe_17_S03_AB,Psilocybe_17,both,,none,"Sees Quetzalcoatl (snake god of Aztecs) in distance, approaching; body of multi-polygon Rubik's-cube-like formation; peers at him, lifts him",2952,4400,"A03,A04,A05,A06,A07","B03,B04,B05",Both individuated.
Psilocybe_17_S04_AB,Psilocybe_17,both,,none,Dies and disintegrates into pieces; grew 6 extra arms; feels broken body; hears parents' voices asking 'what is wrong with you son?',4365,5100,"A08,A09","B06,B07,B08",Both individuated.
Psilocybe_17_S05_AB,Psilocybe_17,both,,none,"Fan spawns flaming Pentagram; Satan appears as a face from pentagram, laughs, goes away",5257,5480,A10,"B09,B10,B11,B12",Both individuated.
Psilocybe_17_S06_AB,Psilocybe_17,both,,none,"Quetzalcoatl reappears, morphs room: walls split, windows become flapping mirrors, door missing knob",5896,6200,A11,B13,Both individuated.
Psilocybe_17_S07_AB,Psilocybe_17,both,,none,Journeys out of Earth into other planets to see other terrestrial life,7027,7150,A12,,(Only A individuated.)
Psilocybe_18_S01_AB,Psilocybe_18,both,,none,Starry night sky expands and contracts in rhythm with breathing,1780,1920,A01,"B01,B02",Both individuated.
Psilocybe_18_S02_AB,Psilocybe_18,both,,none,Grass arranges itself in geometric patterns while walking; patterns become more organized and permanent,2119,2800,"A02,A03","B03,B04",Both individuated.
Psilocybe_18_S03_AB,Psilocybe_18,both,,none,Fuzzy edge of scarf appears as large white spider ambling along to his left,2789,3000,A04,"B05,B06,B07",Both individuated. Type-of-alteration disagreement (detached vs illusion).
Psilocybe_18_S04_AB,Psilocybe_18,both,,none,Bright blue galaxy with yellow Mario stars transposed over night sky between two palm trees,5351,5500,A05,"B08,B09,B10",Both individuated with matching type-of-alteration.
Psilocybe_18_S05_AB,Psilocybe_18,both,,none,Jaguar's eyes staring back at him from horizon on city skyline,9144,9280,A06,"B11,B12",Both individuated.
Psilocybe_18_S06_A,Psilocybe_18,only_A,,none,Outlines of spiders on both peaks of Squaw Peak,10193,10320,A07,,A individuated; B did not.
Psilocybe_18_S07_AB,Psilocybe_18,both,,none,Green light of smoke detector makes a peace sign,26752,26900,A08,"B13,B14",Both individuated. Object-class disagreement (geometrical-pattern vs human-others).
Psilocybe_18_S08_A,Psilocybe_18,only_A,,none,Words moving across computer screen making them hard to read,28692,28800,A09,,A individuated; B did not.
Psilocybe_19_S01_A,Psilocybe_19,only_A,,none,"Circle of light on roof is turning clockwise, then counter-clockwise",1024,1250,A01,,A individuated; B did not.
Psilocybe_19_S02_A,Psilocybe_19,only_A,,none,Portraits on wall seem pleased with his efforts to entertain the stern one,2248,2380,A02,,A individuated; B did not.
Psilocybe_19_S03_A,Psilocybe_19,only_A,,none,Tendrils of light above ripple with his exhale breath,2703,2850,A03,,A individuated; B did not.
Psilocybe_19_S04_B,Psilocybe_19,only_B,,none,"Sensory perception off scale: running stairs up feels light, down feels heavy, sinking into bed continues; pushes skin like putty",4132,4780,,"B01,B02,B03",B individuated; A codes at trip-level as own-body-distortion.
Psilocybe_19_S05_B,Psilocybe_19,only_B,,none,"If stops moving, de-animates into stone",5117,5200,,"B04,B05",B individuated; A did not.
Psilocybe_19_S06_AB,Psilocybe_19,both,,none,Body feels split into two like shedding a cocoon,5600,5730,A04,B06,Both individuated.
Psilocybe_19_S07_B,Psilocybe_19,only_B,,none,"Tells self he is a feather; becomes very light and blown across room; then becomes tree, mushroom, French Informant, paratrooper, shadow",5810,6080,,"B07,B08,B09,B10",B individuated; A did not.
Psilocybe_19_S08_B,Psilocybe_19,only_B,,none,"Outside feels like afterlife: still, void of life, worn down, no leaves",6301,6460,,"B11,B12",B individuated; A did not.
Psilocybe_19_S09_B,Psilocybe_19,only_B,,none,"Shadow on railing is ball-shaped, mistakes own body for ball-shaped: I am now Humpty Dumpty",6663,6800,,B13,B individuated; A did not.
Psilocybe_19_S10_B,Psilocybe_19,only_B,,none,Every word he says to friend on phone influences his own reality; asking to slow down slows him down,7970,8100,,"B14,B15",B individuated; A did not.
Psilocybe_19_S11_B,Psilocybe_19,only_B,,none,Water from faucet splashes then freezes within seconds; coincides with song slowdown; time stops until track restarts,8912,9060,,B16,B individuated; A did not.
Psilocybe_20_S01_A,Psilocybe_20,only_A,,none,Vision a bit distorted; colors more defined; porch lights brighter,359,500,A01,,A individuated; B did not.
Psilocybe_20_S02_A,Psilocybe_20,only_A,,none,Pronounced tracers from D's rave lights,1193,1300,A02,,A individuated; B did not.
Psilocybe_20_S03_A,Psilocybe_20,only_A,,none,Finger lights stay in his vision for many seconds after he stops moving them,1594,1700,A03,,A individuated; B did not.
Psilocybe_20_S04_AB,Psilocybe_20,both,,none,Ground feels like it bends under his weight and pushes him back up while hopping,2133,2280,A04,"B01,B02",Both individuated.
Psilocybe_20_S05_A,Psilocybe_20,only_A,,none,"World seems to fly by as they run; legs don't exist for moments, floating",2499,2650,"A05,A06",,A individuated; B codes at trip-level.
Psilocybe_20_S06_A,Psilocybe_20,only_A,,none,Empty parking lot appears unusually large,3603,3700,A07,,A individuated; B did not.
Psilocybe_20_S07_AB,Psilocybe_20,both,,none,"Stars appear spacey purple, twinkling like never before",3666,3780,A08,B03,Both individuated.
Psilocybe_20_S08_A,Psilocybe_20,only_A,,none,Electric jolt in mouth whenever mushroom taste felt strongest,4375,4500,A09,,A individuated; B did not.
Psilocybe_20_S09_AB,Psilocybe_20,both,,none,Two trees ~50 feet away moving a lot despite still air; look like two people making out,5008,5200,A10,B04,Both individuated.
Psilocybe_20_S10_A,Psilocybe_20,only_A,,none,Believed he pissed and shat all over his pants; later found perfectly clean,9634,9850,A11,,A individuated; B did not.
Psilocybe_20_S11_AB,Psilocybe_20,both,,none,"Houses they pass grow, shrink, melt, morph",12002,12200,A12,B05,Both individuated.
Psilocybe_20_S12_AB,Psilocybe_20,both,,none,Guitar bending and twisting; fingers growing and shrinking; plays accurately anyway,13574,13800,A13,B06,Both individuated.
Psilocybe_20_S13_AB,Psilocybe_20,both,,none,"Looking in mirror: pupils growing/shrinking freely; nose end grows longer, swells inflated, returns normal",14395,14700,"A14,A15",B07,Both individuated.
Psilocybe_20_S14_A,Psilocybe_20,only_A,,none,Lights fade in/out slowly with 1-minute delay after switch is flipped,14942,15100,A16,,A individuated; B did not.
